Symbol,Name,Market
005930,삼성전자,KOSPI
000660,SK하이닉스,KOSPI
207940,삼성바이오로직스,KOSPI
373220,LG에너지솔루션,KOSPI
105560,KB금융,KOSPI
034020,두산에너빌리티,KOSPI
012450,한화에어로스페이스,KOSPI
005380,현대차,KOSPI
005935,삼성전자우,KOSPI
035420,NAVER,KOSPI
000270,기아,KOSPI
329180,HD현대중공업,KOSPI
068270,셀트리온,KOSPI
055550,신한지주,KOSPI
028260,삼성물산,KOSPI
035720,카카오,KOSPI
012330,현대모비스,KOSPI
009540,HD한국조선해양,KOSPI
032830,삼성생명,KOSPI
015760,한국전력,KOSPI
042660,한화오션,KOSPI
086790,하나금융지주,KOSPI
402340,SK스퀘어,KOSPI
011200,HMM,KOSPI
064350,현대로템,KOSPI
005490,POSCO홀딩스,KOSPI
196170,알테오젠,KOSDAQ GLOBAL
138040,메리츠금융지주,KOSPI
000810,삼성화재,KOSPI
267260,HD현대일렉트릭,KOSPI
010130,고려아연,KOSPI
259960,크래프톤,KOSPI
316140,우리금융지주,KOSPI
033780,KT&G,KOSPI
323410,카카오뱅크,KOSPI
096770,SK이노베이션,KOSPI
051910,LG화학,KOSPI
024110,기업은행,KOSPI
034730,SK,KOSPI
010140,삼성중공업,KOSPI
030200,KT,KOSPI
006400,삼성SDI,KOSPI
018260,삼성에스디에스,KOSPI
352820,하이브,KOSPI
003550,LG,KOSPI
006800,미래에셋증권,KOSPI
066570,LG전자,KOSPI
017670,SK텔레콤,KOSPI
079550,LIG넥스원,KOSPI
377300,카카오페이,KOSPI
272210,한화시스템,KOSPI
000150,두산,KOSPI
086280,현대글로비스,KOSPI
009150,삼성전기,KOSPI
003230,삼양식품,KOSPI
267250,HD현대,KOSPI
042700,한미반도체,KOSPI
247540,에코프로비엠,KOSDAQ GLOBAL
003670,포스코퓨처엠,KOSPI
443060,HD현대마린솔루션,KOSPI
047810,한국항공우주,KOSPI
000720,현대건설,KOSPI
005830,DB손해보험,KOSPI
003490,대한항공,KOSPI
010120,LS ELECTRIC,KOSPI
047050,포스코인터내셔널,KOSPI
000100,유한양행,KOSPI
064400,LG씨엔에스,KOSPI
298040,효성중공업,KOSPI
010620,HD현대미포,KOSPI
180640,한진칼,KOSPI
071050,한국금융지주,KOSPI
090430,아모레퍼시픽,KOSPI
326030,SK바이오팜,KOSPI
000880,한화,KOSPI
021240,코웨이,KOSPI
016360,삼성증권,KOSPI
010950,S-Oil,KOSPI
005940,NH투자증권,KOSPI
028300,HLB,KOSDAQ
032640,LG유플러스,KOSPI
086520,에코프로,KOSDAQ GLOBAL
006260,LS,KOSPI
029780,삼성카드,KOSPI
039490,키움증권,KOSPI
009830,한화솔루션,KOSPI
278470,에이피알,KOSPI
241560,두산밥캣,KOSPI
005387,현대차2우B,KOSPI
088980,맥쿼리인프라,KOSPI
277810,레인보우로보틱스,KOSDAQ
307950,현대오토에버,KOSPI
214450,파마리서치,KOSDAQ GLOBAL
251270,넷마블,KOSPI
051900,LG생활건강,KOSPI
161390,한국타이어앤테크놀로지,KOSPI
087010,펩트론,KOSDAQ
001040,CJ,KOSPI
034220,LG디스플레이,KOSPI
145020,휴젤,KOSDAQ GLOBAL
028050,삼성E&A,KOSPI
454910,두산로보틱스,KOSPI
141080,리가켐바이오,KOSDAQ GLOBAL
078930,GS,KOSPI
011790,SKC,KOSPI
271560,오리온,KOSPI
214150,클래시스,KOSDAQ GLOBAL
004020,현대제철,KOSPI
052690,한전기술,KOSPI
036570,엔씨소프트,KOSPI
175330,JB금융지주,KOSPI
138930,BNK금융지주,KOSPI
035250,강원랜드,KOSPI
058470,리노공업,KOSDAQ GLOBAL
103140,풍산,KOSPI
302440,SK바이오사이언스,KOSPI
097950,CJ제일제당,KOSPI
128940,한미약품,KOSPI
007660,이수페타시스,KOSPI
036460,한국가스공사,KOSPI
005385,현대차우,KOSPI
022100,포스코DX,KOSPI
000250,삼천당제약,KOSDAQ
011070,LG이노텍,KOSPI
257720,실리콘투,KOSDAQ
950160,코오롱티슈진,KOSDAQ
017800,현대엘리베이터,KOSPI
298380,에이비엘바이오,KOSDAQ
450080,에코프로머티,KOSPI
041510,에스엠,KOSDAQ GLOBAL
192820,코스맥스,KOSPI
001440,대한전선,KOSPI
008930,한미사이언스,KOSPI
383220,F&F,KOSPI
031210,서울보증보험,KOSPI
011780,금호석유화학,KOSPI
004990,롯데지주,KOSPI
088350,한화생명,KOSPI
462870,시프트업,KOSPI
111770,영원무역,KOSPI
026960,동서,KOSPI
002380,KCC,KOSPI
051600,한전KPS,KOSPI
263750,펄어비스,KOSDAQ GLOBAL
082270,젬백스,KOSDAQ
035900,JYP Ent.,KOSDAQ GLOBAL
012750,에스원,KOSPI
489790,한화비전,KOSPI
062040,산일전기,KOSPI
011170,롯데케미칼,KOSPI
002790,아모레퍼시픽홀딩스,KOSPI
042670,HD현대인프라코어,KOSPI
403870,HPSP,KOSDAQ GLOBAL
004370,농심,KOSPI
001450,현대해상,KOSPI
139480,이마트,KOSPI
030000,제일기획,KOSPI
082740,한화엔진,KOSPI
018670,SK가스,KOSPI
483650,달바글로벌,KOSPI
161890,한국콜마,KOSPI
068760,셀트리온제약,KOSDAQ
310210,보로노이,KOSDAQ
018880,한온시스템,KOSPI
375500,DL이앤씨,KOSPI
081660,미스토홀딩스,KOSPI
023530,롯데쇼핑,KOSPI
139130,iM금융지주,KOSPI
039030,이오테크닉스,KOSDAQ GLOBAL
282330,BGF리테일,KOSPI
000990,DB하이텍,KOSPI
008770,호텔신라,KOSPI
112610,씨에스윈드,KOSPI
003690,코리안리,KOSPI
065350,신성델타테크,KOSDAQ
000120,CJ대한통운,KOSPI
020560,아시아나항공,KOSPI
028670,팬오션,KOSPI
140860,파크시스템스,KOSDAQ GLOBAL
012510,더존비즈온,KOSPI
001720,신영증권,KOSPI
361610,SK아이이테크놀로지,KOSPI
014680,한솔케미칼,KOSPI
007390,네이처셀,KOSDAQ
006360,GS건설,KOSPI
004170,신세계,KOSPI
009970,영원무역홀딩스,KOSPI
006040,동원산업,KOSPI
003570,SNT다이내믹스,KOSPI
066970,엘앤에프,KOSPI
103590,일진전기,KOSPI
000240,한국앤컴퍼니,KOSPI
047040,대우건설,KOSPI
214370,케어젠,KOSDAQ
096530,씨젠,KOSDAQ
122870,와이지엔터테인먼트,KOSDAQ
069960,현대백화점,KOSPI
071970,HD현대마린엔진,KOSPI
293490,카카오게임즈,KOSDAQ GLOBAL
005290,동진쎄미켐,KOSDAQ
069620,대웅제약,KOSPI
035760,CJ ENM,KOSDAQ GLOBAL
294870,HDC현대산업개발,KOSPI
000155,두산우,KOSPI
007310,오뚜기,KOSPI
253450,스튜디오드래곤,KOSDAQ GLOBAL
328130,루닛,KOSDAQ
237690,에스티팜,KOSDAQ GLOBAL
023590,다우기술,KOSPI
204320,HL만도,KOSPI
036930,주성엔지니어링,KOSDAQ GLOBAL
336260,두산퓨얼셀,KOSPI
376300,디어유,KOSDAQ
006280,녹십자,KOSPI
005850,에스엘,KOSPI
484870,엠앤씨솔루션,KOSPI
003530,한화투자증권,KOSPI
000080,하이트진로,KOSPI
007070,GS리테일,KOSPI
357780,솔브레인,KOSDAQ GLOBAL
034230,파라다이스,KOSPI
010060,OCI홀딩스,KOSPI
003090,대웅,KOSPI
001800,오리온홀딩스,KOSPI
358570,지아이이노베이션,KOSDAQ
267270,HD현대건설기계,KOSPI
012630,HDC,KOSPI
005440,현대지에프홀딩스,KOSPI
347850,디앤디파마텍,KOSDAQ
457190,이수스페셜티케미컬,KOSPI
017960,한국카본,KOSPI
032350,롯데관광개발,KOSPI
395400,SK리츠,KOSPI
007340,DN오토모티브,KOSPI
240810,원익IPS,KOSDAQ GLOBAL
073240,금호타이어,KOSPI
137310,에스디바이오센서,KOSPI
009420,한올바이오파마,KOSPI
300720,한일시멘트,KOSPI
083650,비에이치아이,KOSDAQ
095340,ISC,KOSDAQ GLOBAL
011210,현대위아,KOSPI
089860,롯데렌탈,KOSPI
004800,효성,KOSPI
120110,코오롱인더,KOSPI
003540,대신증권,KOSPI
003240,태광산업,KOSPI
018290,브이티,KOSDAQ
089030,테크윙,KOSDAQ
064760,티씨케이,KOSDAQ GLOBAL
192080,더블유게임즈,KOSPI
348370,엔켐,KOSDAQ
285130,SK케미칼,KOSPI
001120,LX인터내셔널,KOSPI
112040,위메이드,KOSDAQ
195940,HK이노엔,KOSDAQ GLOBAL
178320,서진시스템,KOSDAQ
086900,메디톡스,KOSDAQ
160190,하이젠알앤엠,KOSDAQ
042000,카페24,KOSDAQ
020150,롯데에너지머티리얼즈,KOSPI
140410,메지온,KOSDAQ
00680K,미래에셋증권2우B,KOSPI
039200,오스코텍,KOSDAQ
185750,종근당,KOSPI
001430,세아베스틸지주,KOSPI
098460,고영,KOSDAQ
085620,미래에셋생명,KOSPI
100090,SK오션플랜트,KOSPI
204270,제이앤티씨,KOSDAQ
005300,롯데칠성,KOSPI
330590,롯데리츠,KOSPI
005070,코스모신소재,KOSPI
082640,동양생명,KOSPI
009450,경동나비엔,KOSPI
192400,쿠쿠홀딩스,KOSPI
108320,LX세미콘,KOSPI
078600,대주전자재료,KOSDAQ
298020,효성티앤씨,KOSPI
280360,롯데웰푸드,KOSPI
009240,한샘,KOSPI
000500,가온전선,KOSPI
006120,SK디스커버리,KOSPI
067160,SOOP,KOSDAQ GLOBAL
229640,LS에코에너지,KOSPI
060370,LS마린솔루션,KOSDAQ
004000,롯데정밀화학,KOSPI
003380,하림지주,KOSDAQ GLOBAL
181710,NHN,KOSPI
000815,삼성화재우,KOSPI
415640,KB발해인프라,KOSPI
030190,NICE평가정보,KOSPI
336570,원텍,KOSDAQ
001740,SK네트웍스,KOSPI
030610,교보증권,KOSPI
071320,지역난방공사,KOSPI
004490,세방전지,KOSPI
388720,유일로보틱스,KOSDAQ
000210,DL,KOSPI
108490,로보티즈,KOSDAQ
225570,넥슨게임즈,KOSDAQ
025980,아난티,KOSDAQ
114090,GKL,KOSPI
298050,HS효성첨단소재,KOSPI
052400,코나아이,KOSDAQ
365550,ESR켄달스퀘어리츠,KOSPI
014820,동원시스템즈,KOSPI
078130,국일제지,KOSDAQ
036530,SNT홀딩스,KOSPI
084370,유진테크,KOSDAQ
161580,필옵틱스,KOSDAQ
077970,STX엔진,KOSPI
213420,덕산네오룩스,KOSDAQ GLOBAL
007700,F&F홀딩스,KOSPI
003030,세아제강지주,KOSPI
353200,대덕전자,KOSPI
009410,태영건설,KOSPI
085660,차바이오텍,KOSDAQ
056190,에스에프에이,KOSDAQ GLOBAL
101490,에스앤에스텍,KOSDAQ
039130,하나투어,KOSPI
036830,솔브레인홀딩스,KOSDAQ GLOBAL
100840,SNT에너지,KOSPI
079900,전진건설로봇,KOSPI
232140,와이씨,KOSDAQ
475150,SK이터닉스,KOSPI
064960,SNT모티브,KOSPI
079160,CJ CGV,KOSPI
000670,영풍,KOSPI
281740,레이크머티리얼즈,KOSDAQ
067310,하나마이크론,KOSDAQ
051915,LG화학우,KOSPI
214320,이노션,KOSPI
005690,파미셀,KOSPI
419530,SAMG엔터,KOSDAQ
005180,빙그레,KOSPI
002840,미원상사,KOSPI
323280,태성,KOSDAQ
001530,DI동일,KOSPI
049770,동원F&B,KOSPI
183300,코미코,KOSDAQ GLOBAL
014620,성광벤드,KOSDAQ
033500,동성화인텍,KOSDAQ
086450,동국제약,KOSDAQ GLOBAL
00088K,한화3우B,KOSPI
053800,안랩,KOSDAQ
417200,LS머트리얼즈,KOSDAQ
031980,피에스케이홀딩스,KOSDAQ
005250,녹십자홀딩스,KOSPI
001680,대상,KOSPI
000070,삼양홀딩스,KOSPI
222800,심텍,KOSDAQ GLOBAL
137400,피엔티,KOSDAQ GLOBAL
211050,인카금융서비스,KOSDAQ
041190,우리기술투자,KOSDAQ
030520,한글과컴퓨터,KOSDAQ GLOBAL
003470,유안타증권,KOSPI
032820,우리기술,KOSDAQ
218410,RFHIC,KOSDAQ
381970,케이카,KOSPI
000640,동아쏘시오홀딩스,KOSPI
248070,솔루엠,KOSPI
335890,비올,KOSDAQ
451800,한화리츠,KOSPI
268280,미원에스씨,KOSPI
499790,GS피앤엘,KOSPI
226950,올릭스,KOSDAQ
950210,프레스티지바이오파마,KOSPI
251970,펌텍코리아,KOSDAQ
383800,LX홀딩스,KOSPI
003620,KG모빌리티,KOSPI
214430,아이쓰리시스템,KOSDAQ
008730,율촌화학,KOSPI
003850,보령,KOSPI
145720,덴티움,KOSPI
101730,위메이드맥스,KOSDAQ
044490,태웅,KOSDAQ
290650,엘앤씨바이오,KOSDAQ
019170,신풍제약,KOSPI
293940,신한알파리츠,KOSPI
057050,현대홈쇼핑,KOSPI
069260,TKG휴켐스,KOSPI
002020,코오롱,KOSPI
000370,한화손해보험,KOSPI
058970,엠로,KOSDAQ
025540,한국단자,KOSPI
097230,HJ중공업,KOSPI
033100,제룡전기,KOSDAQ
005810,풍산홀딩스,KOSPI
032190,다우데이타,KOSDAQ
460930,현대힘스,KOSDAQ
010780,아이에스동서,KOSPI
075580,세진중공업,KOSPI
002030,아세아,KOSPI
082920,비츠로셀,KOSDAQ
025320,시노펙스,KOSDAQ
001570,금양,KOSPI
066575,LG전자우,KOSPI
445680,큐리옥스바이오시스템즈,KOSDAQ
440110,파두,KOSDAQ
200670,휴메딕스,KOSDAQ
241710,코스메카코리아,KOSDAQ
006380,카프로,KOSPI
319400,현대무벡스,KOSDAQ
058610,에스피지,KOSDAQ
016380,KG스틸,KOSPI
024720,콜마홀딩스,KOSPI
067630,HLB생명과학,KOSDAQ
002350,넥센타이어,KOSPI
121600,나노신소재,KOSDAQ
014830,유니드,KOSPI
005390,신성통상,KOSPI
287840,인투셀,KOSDAQ
271940,일진하이솔루스,KOSPI
006730,서부T&D,KOSDAQ
006220,제주은행,KOSPI
336370,솔루스첨단소재,KOSPI
036620,감성코퍼레이션,KOSDAQ
084110,휴온스글로벌,KOSDAQ
089590,제주항공,KOSPI
124500,아이티센글로벌,KOSDAQ
453340,현대그린푸드,KOSPI
005420,코스모화학,KOSPI
304100,솔트룩스,KOSDAQ
284740,쿠쿠홈시스,KOSPI
319660,피에스케이,KOSDAQ GLOBAL
281820,케이씨텍,KOSPI
047920,HLB제약,KOSDAQ
000400,롯데손해보험,KOSPI
00104K,CJ4우(전환),KOSPI
119850,지엔씨에너지,KOSDAQ
003300,한일홀딩스,KOSPI
080220,제주반도체,KOSDAQ
102710,이엔에프테크놀로지,KOSDAQ
215200,메가스터디교육,KOSDAQ GLOBAL
002960,한국쉘석유,KOSPI
131970,두산테스나,KOSDAQ GLOBAL
095660,네오위즈,KOSDAQ
189300,인텔리안테크,KOSDAQ
006650,대한유화,KOSPI
222080,씨아이에스,KOSDAQ GLOBAL
037270,YG PLUS,KOSPI
017940,E1,KOSPI
071055,한국금융지주우,KOSPI
344820,KCC글라스,KOSPI
348210,넥스틴,KOSDAQ GLOBAL
036540,SFA반도체,KOSDAQ
004690,삼천리,KOSPI
399720,가온칩스,KOSDAQ
099320,쎄트렉아이,KOSDAQ
145990,삼양사,KOSPI
078340,컴투스,KOSDAQ GLOBAL
003545,대신증권우,KOSPI
029530,신도리코,KOSPI
001060,JW중외제약,KOSPI
005880,대한해운,KOSPI
093050,LF,KOSPI
166090,하나머티리얼즈,KOSDAQ GLOBAL
383310,에코프로에이치엔,KOSDAQ
377740,바이오노트,KOSPI
161000,애경케미칼,KOSPI
023160,태광,KOSDAQ
348950,제이알글로벌리츠,KOSPI
016590,신대양제지,KOSPI
093370,후성,KOSPI
178920,PI첨단소재,KOSPI
095610,테스,KOSDAQ
194480,데브시스터즈,KOSDAQ
016800,퍼시스,KOSPI
053030,바이넥스,KOSDAQ
456040,OCI,KOSPI
069080,웹젠,KOSDAQ GLOBAL
032500,케이엠더블유,KOSDAQ
322000,HD현대에너지솔루션,KOSPI
466100,클로봇,KOSDAQ
097520,엠씨넥스,KOSPI
099190,아이센스,KOSDAQ
001500,현대차증권,KOSPI
094480,갤럭시아머니트리,KOSDAQ
002240,고려제강,KOSPI
272450,진에어,KOSPI
093320,케이아이엔엑스,KOSDAQ
195870,해성디에스,KOSPI
034120,SBS,KOSPI
389260,대명에너지,KOSDAQ
009520,포스코엠텍,KOSDAQ GLOBAL
005610,SPC삼립,KOSPI
074600,원익QnC,KOSDAQ GLOBAL
204620,글로벌텍스프리,KOSDAQ
130660,한전산업,KOSPI
340570,티앤엘,KOSDAQ
460860,동국제강,KOSPI
015750,성우하이텍,KOSDAQ
052020,에스티큐브,KOSDAQ
272290,이녹스첨단소재,KOSDAQ GLOBAL
034310,NICE,KOSPI
078160,메디포스트,KOSDAQ
183190,아세아시멘트,KOSPI
090435,아모레퍼시픽우,KOSPI
402030,코난테크놀로지,KOSDAQ
017810,풀무원,KOSPI
241590,화승엔터프라이즈,KOSPI
059090,미코,KOSDAQ
026890,스틱인베스트먼트,KOSPI
031430,신세계인터내셔날,KOSPI
206650,유바이오로직스,KOSDAQ
060250,NHN KCP,KOSDAQ
034950,한국기업평가,KOSDAQ
372320,큐로셀,KOSDAQ
003160,디아이,KOSPI
017860,DS단석,KOSPI
050890,쏠리드,KOSDAQ
314930,바이오다인,KOSDAQ
450950,아스테라시스,KOSDAQ
437730,삼현,KOSDAQ
170900,동아에스티,KOSPI
131290,티에스이,KOSDAQ
091810,티웨이항공,KOSPI
347700,스피어,KOSDAQ
009900,명신산업,KOSPI
403550,쏘카,KOSPI
357120,코람코라이프인프라리츠,KOSPI
056080,유진로봇,KOSDAQ
448280,에코아이,KOSDAQ
102940,코오롱생명과학,KOSDAQ
090460,비에이치,KOSPI
058650,세아홀딩스,KOSPI
001270,부국증권,KOSPI
025900,동화기업,KOSDAQ GLOBAL
064260,다날,KOSDAQ
003280,흥아해운,KOSPI
200130,콜마비앤에이치,KOSDAQ GLOBAL
048410,현대바이오,KOSDAQ
002710,TCC스틸,KOSPI
115180,큐리언트,KOSDAQ
215000,골프존,KOSDAQ GLOBAL
306200,세아제강,KOSPI
018250,애경산업,KOSPI
105630,한세실업,KOSPI
179900,유티아이,KOSDAQ
099430,바이오플러스,KOSDAQ
030530,원익홀딩스,KOSDAQ
108860,셀바스AI,KOSDAQ
192650,드림텍,KOSPI
046890,서울반도체,KOSDAQ GLOBAL
253590,네오셈,KOSDAQ
004700,조광피혁,KOSPI
215600,신라젠,KOSDAQ
475560,더본코리아,KOSPI
079370,제우스,KOSDAQ
448730,삼성FN리츠,KOSPI
003520,영진약품,KOSPI
115450,HLB테라퓨틱스,KOSDAQ
094800,맵스리얼티1,KOSPI
365340,성일하이텍,KOSDAQ
217270,넵튠,KOSDAQ
036810,에프에스티,KOSDAQ
027410,BGF,KOSPI
475830,오름테라퓨틱,KOSDAQ
060280,큐렉소,KOSDAQ
278280,천보,KOSDAQ
432320,KB스타리츠,KOSPI
140610,엔솔바이오사이언스,KONEX
035890,서희건설,KOSDAQ
260970,에스앤디,KOSDAQ
003920,남양유업,KOSPI
041960,코미팜,KOSDAQ
900140,엘브이엠씨홀딩스,KOSPI
389650,넥스트바이오메디컬,KOSDAQ
000157,두산2우B,KOSPI
025860,남해화학,KOSPI
126720,수산인더스트리,KOSPI
397030,에이프릴바이오,KOSDAQ
060980,HL홀딩스,KOSPI
098070,한텍,KOSDAQ
011760,현대코퍼레이션,KOSPI
064550,바이오니아,KOSDAQ
025770,한국정보통신,KOSDAQ
020000,한섬,KOSPI
084010,대한제강,KOSPI
084690,대상홀딩스,KOSPI
003960,사조대림,KOSPI
472850,폰드그룹,KOSDAQ
072710,농심홀딩스,KOSPI
013890,지누스,KOSPI
094170,동운아나텍,KOSDAQ
045390,대아티아이,KOSDAQ
455900,엔젤로보틱스,KOSDAQ
256940,킵스파마,KOSDAQ
100790,미래에셋벤처투자,KOSDAQ
203400,에이비온,KOSDAQ
091700,파트론,KOSDAQ GLOBAL
006390,한일현대시멘트,KOSPI
101930,인화정공,KOSDAQ
005389,현대차3우B,KOSPI
013030,하이록코리아,KOSDAQ
101360,에코앤드림,KOSDAQ
094360,칩스앤미디어,KOSDAQ
126560,현대퓨처넷,KOSPI
389470,인벤티지랩,KOSDAQ
083450,GST,KOSDAQ
286940,롯데이노베이트,KOSPI
424870,이뮨온시아,KOSDAQ
101160,월덱스,KOSDAQ
089010,켐트로닉스,KOSDAQ
079940,가비아,KOSDAQ
295310,에이치브이엠,KOSDAQ
445090,에이직랜드,KOSDAQ
093230,이아이디,KOSPI
005090,SGC에너지,KOSPI
256840,한국비엔씨,KOSDAQ
249420,일동제약,KOSPI
001940,KISCO홀딩스,KOSPI
016610,DB증권,KOSPI
001200,유진투자증권,KOSPI
053300,한국정보인증,KOSDAQ
092790,넥스틸,KOSPI
090710,휴림로봇,KOSDAQ
122640,예스티,KOSDAQ
194700,노바렉스,KOSDAQ
065680,우주일렉트로,KOSDAQ
038500,삼표시멘트,KOSDAQ
068240,다원시스,KOSDAQ
452450,피아이이,KOSDAQ
005945,NH투자증권우,KOSPI
220100,퓨쳐켐,KOSDAQ
950170,JTC,KOSDAQ
002310,아세아제지,KOSPI
033240,자화전자,KOSPI
005720,넥센,KOSPI
475960,토모큐브,KOSDAQ
420770,기가비스,KOSDAQ
033270,유나이티드제약,KOSPI
206640,바디텍메드,KOSDAQ
473980,노머스,KOSDAQ
104700,한국철강,KOSPI
194370,제이에스코퍼레이션,KOSPI
243070,휴온스,KOSDAQ
200880,서연이화,KOSPI
015360,INVENI,KOSPI
001510,SK증권,KOSPI
003800,에이스침대,KOSDAQ
082800,비보존 제약,KOSDAQ
144510,지씨셀,KOSDAQ
352480,씨앤씨인터내셔널,KOSDAQ
457550,우진엔텍,KOSDAQ
009160,SIMPAC,KOSPI
043150,바텍,KOSDAQ
462860,더즌,KOSDAQ
041830,인바디,KOSDAQ
045100,한양이엔지,KOSDAQ
171090,선익시스템,KOSDAQ
136480,하림,KOSDAQ
425420,티에프이,KOSDAQ
317330,덕산테코피아,KOSDAQ
007690,국도화학,KOSPI
018310,삼목에스폼,KOSDAQ
041020,폴라리스오피스,KOSDAQ
394280,오픈엣지테크놀로지,KOSDAQ
035150,백산,KOSPI
001390,KG케미칼,KOSPI
000320,노루홀딩스,KOSPI
029460,케이씨,KOSPI
034830,한국토지신탁,KOSPI
051500,CJ프레시웨이,KOSDAQ
123890,한국자산신탁,KOSPI
039440,에스티아이,KOSDAQ
054950,제이브이엠,KOSDAQ
168360,펨트론,KOSDAQ
000680,LS네트웍스,KOSPI
123330,제닉,KOSDAQ
114840,아이패밀리에스씨,KOSDAQ
009290,광동제약,KOSPI
011930,신성이엔지,KOSPI
007160,사조산업,KOSPI
089970,브이엠,KOSDAQ
439090,마녀공장,KOSDAQ
003120,일성아이에스,KOSPI
458870,씨어스테크놀로지,KOSDAQ
027360,아주IB투자,KOSDAQ
089980,상아프론테크,KOSDAQ
002320,한진,KOSPI
035600,KG이니시스,KOSDAQ
267980,매일유업,KOSDAQ
003220,대원제약,KOSPI
252990,샘씨엔에스,KOSDAQ
004430,송원산업,KOSPI
338220,뷰노,KOSDAQ
010690,화신,KOSPI
031330,에스에이엠티,KOSDAQ
228760,지노믹트리,KOSDAQ
176750,듀켐바이오,KOSDAQ
237880,클리오,KOSDAQ
481070,에이유브랜즈,KOSDAQ
298830,슈어소프트테크,KOSDAQ
002810,삼영무역,KOSPI
090360,로보스타,KOSDAQ
475400,씨메스,KOSDAQ
138610,나이벡,KOSDAQ
012030,DB,KOSPI
017390,서울가스,KOSPI
009680,모토닉,KOSPI
377450,리파인,KOSDAQ
151860,KG에코솔루션,KOSDAQ
058820,CMG제약,KOSDAQ
018000,유니슨,KOSDAQ
049070,인탑스,KOSDAQ
004360,세방,KOSPI
226320,잇츠한불,KOSPI
092230,KPX홀딩스,KOSPI
230360,에코마케팅,KOSDAQ
088260,이리츠코크렙,KOSPI
348340,뉴로메카,KOSDAQ
084850,아이티엠반도체,KOSDAQ GLOBAL
104830,원익머트리얼즈,KOSDAQ
416180,신성에스티,KOSDAQ
378340,필에너지,KOSDAQ
377190,디앤디플랫폼리츠,KOSPI
108670,LX하우시스,KOSPI
000490,대동,KOSPI
051905,LG생활건강우,KOSPI
136490,선진,KOSPI
035510,신세계 I&C,KOSPI
036220,오상헬스케어,KOSDAQ
001820,삼화콘덴서,KOSPI
122900,아이마켓코리아,KOSPI
078020,LS증권,KOSDAQ
489460,바이오비쥬,KOSDAQ
023410,유진기업,KOSDAQ
294570,쿠콘,KOSDAQ
127120,제이에스링크,KOSDAQ
033640,네패스,KOSDAQ
000540,흥국화재,KOSPI
053610,프로텍,KOSDAQ
047560,이스트소프트,KOSDAQ
357550,석경에이티,KOSDAQ
039840,디오,KOSDAQ
067080,대화제약,KOSDAQ
214420,토니모리,KOSPI
114810,한솔아이원스,KOSDAQ
461300,아이스크림미디어,KOSDAQ
007570,일양약품,KOSPI
334970,프레스티지바이오로직스,KOSDAQ
008060,대덕,KOSPI
418550,제이오,KOSDAQ
459510,나우로보틱스,KOSDAQ
265520,AP시스템,KOSDAQ
007810,코리아써키트,KOSPI
105550,엣지파운드리,KOSDAQ
005500,삼진제약,KOSPI
339770,교촌에프앤비,KOSPI
487570,HS효성,KOSPI
254490,미래반도체,KOSDAQ
389020,자람테크놀로지,KOSDAQ
006110,삼아알미늄,KOSPI
001340,PKC,KOSPI
024850,HLB이노베이션,KOSDAQ
112290,와이씨켐,KOSDAQ
005010,휴스틸,KOSPI
136150,원일티엔아이,KOSDAQ
121800,비덴트,KOSDAQ
001790,대한제당,KOSPI
096760,JW홀딩스,KOSPI
034810,해성산업,KOSDAQ
199800,툴젠,KOSDAQ
060150,인선이엔티,KOSDAQ
000480,CR홀딩스,KOSPI
240550,동방메디컬,KOSDAQ
006060,화승인더,KOSPI
298690,에어부산,KOSPI
015860,일진홀딩스,KOSPI
001630,종근당홀딩스,KOSPI
182360,큐브엔터,KOSDAQ
093520,매커스,KOSDAQ
138490,코오롱ENP,KOSPI
035810,이지홀딩스,KOSDAQ
158430,아톤,KOSDAQ
001130,대한제분,KOSPI
001230,동국홀딩스,KOSPI
230240,에치에프알,KOSDAQ
150840,인트로메딕,KOSDAQ
042370,비츠로테크,KOSDAQ
014940,오리엔탈정공,KOSDAQ
003200,일신방직,KOSPI
441270,파인엠텍,KOSDAQ
003350,한국화장품제조,KOSPI
036030,케이티알파,KOSDAQ
048870,시너지이노베이션,KOSDAQ
060720,KH바텍,KOSDAQ
205500,넥써쓰,KOSDAQ
095500,미래나노텍,KOSDAQ
003000,부광약품,KOSPI
236200,슈프리마,KOSDAQ
334890,이지스밸류플러스리츠,KOSPI
393890,더블유씨피,KOSDAQ GLOBAL
304360,에스바이오메딕스,KOSDAQ
179290,엠아이텍,KOSDAQ
377030,비트맥스,KOSDAQ
013120,동원개발,KOSDAQ
484810,티엑스알로보틱스,KOSDAQ
452260,한화갤러리아,KOSPI
036890,진성티이씨,KOSDAQ
096040,이트론,KOSDAQ
051360,토비스,KOSDAQ
308430,셀비온,KOSDAQ
267320,나인테크,KOSDAQ
900290,GRT,KOSDAQ
356680,엑스게이트,KOSDAQ
464080,에스오에스랩,KOSDAQ
110990,디아이티,KOSDAQ
001460,BYC,KOSPI
376900,로킷헬스케어,KOSDAQ
037710,광주신세계,KOSPI
000140,하이트진로홀딩스,KOSPI
039570,HDC랩스,KOSPI
121440,골프존홀딩스,KOSDAQ
042420,네오위즈홀딩스,KOSDAQ
053210,스카이라이프,KOSPI
002900,TYM,KOSPI
086390,유니테스트,KOSDAQ
070960,모나용평,KOSPI
476040,오가노이드사이언스,KOSDAQ
053580,웹케시,KOSDAQ
011500,한농화성,KOSPI
476060,온코닉테라퓨틱스,KOSDAQ
208340,파멥신,KOSDAQ
036420,콘텐트리중앙,KOSPI
290690,소룩스,KOSDAQ
117730,티로보틱스,KOSDAQ
058430,포스코스틸리온,KOSPI
234340,헥토파이낸셜,KOSDAQ
084680,이월드,KOSPI
007860,서연,KOSPI
025000,KPX케미칼,KOSPI
105840,우진,KOSPI
117580,대성에너지,KOSPI
043370,피에이치에이,KOSDAQ
000430,대원강업,KOSPI
323990,박셀바이오,KOSDAQ
080160,모두투어,KOSDAQ
260870,SK시그넷,KONEX
200710,에이디테크놀로지,KOSDAQ
950140,잉글우드랩,KOSDAQ
023760,한국캐피탈,KOSDAQ
394800,쓰리빌리언,KOSDAQ
016880,웅진,KOSPI
107640,한중엔시에스,KOSDAQ
004980,성신양회,KOSPI
067390,아스트,KOSDAQ
053690,한미글로벌,KOSPI
271980,제일약품,KOSPI
452430,사피엔반도체,KOSDAQ
372170,윤성에프앤씨,KOSDAQ
006340,대원전선,KOSPI
001750,한양증권,KOSPI
102460,이연제약,KOSPI
016580,환인제약,KOSPI
371950,풍원정밀,KOSDAQ
002150,도화엔지니어링,KOSPI
005680,삼영전자,KOSPI
456010,아이씨티케이,KOSDAQ
255220,SG,KOSDAQ
092730,네오팜,KOSDAQ
126700,하이비젼시스템,KOSDAQ
216080,제테마,KOSDAQ
310200,애니플러스,KOSDAQ
118990,모트렉스,KOSDAQ
108380,대양전기공업,KOSDAQ
148150,세경하이테크,KOSDAQ
095700,제넥신,KOSDAQ
001250,GS글로벌,KOSPI
340450,지씨지놈,KOSDAQ
008490,서흥,KOSPI
144960,뉴파워프라즈마,KOSDAQ
044450,KSS해운,KOSPI
417310,코람코더원리츠,KOSPI
001780,알루코,KOSPI
263720,디앤씨미디어,KOSDAQ
119610,인터로조,KOSDAQ
123860,아나패스,KOSDAQ
030210,다올투자증권,KOSPI
199820,제일일렉트릭,KOSDAQ
028100,동아지질,KOSPI
033920,무학,KOSPI
051980,중앙첨단소재,KOSDAQ
356860,티엘비,KOSDAQ
057880,푸른소나무,KOSDAQ
270520,앱트뉴로사이언스,KOSDAQ
000520,삼일제약,KOSPI
293480,하나제약,KOSPI
102120,어보브반도체,KOSDAQ
005710,대원산업,KOSDAQ
037560,LG헬로비전,KOSPI
102260,동성케미컬,KOSPI
036800,나이스정보통신,KOSDAQ
065660,안트로젠,KOSDAQ
061970,LB세미콘,KOSDAQ
100120,뷰웍스,KOSDAQ
053350,이니텍,KOSDAQ
017890,한국알콜,KOSDAQ
054450,텔레칩스,KOSDAQ
270660,에브리봇,KOSDAQ
000050,경방,KOSPI
432720,퀄리타스반도체,KOSDAQ
004380,삼익THK,KOSPI
096250,와이즈넛,KOSDAQ
095720,웅진씽크빅,KOSPI
213500,한솔제지,KOSPI
005160,동국산업,KOSDAQ
067280,멀티캠퍼스,KOSDAQ
039980,폴라리스AI,KOSDAQ
088800,에이스테크,KOSDAQ
065710,서호전기,KOSDAQ
068930,디지털대성,KOSDAQ
368770,파이버프로,KOSDAQ
011000,진원생명과학,KOSPI
272550,삼양패키징,KOSPI
046440,KG모빌리언스,KOSDAQ
019680,대교,KOSPI
032620,유비케어,KOSDAQ
125020,티씨머티리얼즈,KOSDAQ
293780,압타바이오,KOSDAQ
004710,한솔테크닉스,KOSPI
007460,에이프로젠,KOSPI
092040,아미코젠,KOSDAQ
019210,와이지-원,KOSDAQ
025950,동신건설,KOSDAQ
297090,씨에스베어링,KOSDAQ
008970,동양철관,KOSPI
950130,엑세스바이오,KOSDAQ
190510,나무가,KOSDAQ
482630,삼양엔씨켐,KOSDAQ
241520,DSC인베스트먼트,KOSDAQ
089600,KT나스미디어,KOSDAQ
263860,지니언스,KOSDAQ
086980,쇼박스,KOSDAQ
086890,이수앱지스,KOSDAQ
036190,금화피에스시,KOSDAQ
038390,레드캡투어,KOSDAQ
126340,비나텍,KOSDAQ
101530,해태제과식품,KOSPI
360070,탑머티리얼,KOSDAQ
024810,이화전기,KOSDAQ
174900,앱클론,KOSDAQ
064820,케이프,KOSDAQ
211270,AP위성,KOSDAQ
036560,KZ정밀,KOSDAQ
002100,경농,KOSPI
071840,롯데하이마트,KOSPI
388050,지투파워,KOSDAQ
078520,에이블씨엔씨,KOSPI
086820,바이오솔루션,KOSDAQ
404990,신한서부티엔디리츠,KOSPI
063080,컴투스홀딩스,KOSDAQ
001045,CJ우,KOSPI
071280,로체시스템즈,KOSDAQ
051370,인터플렉스,KOSDAQ
035080,그래디언트,KOSDAQ
024060,흥구석유,KOSDAQ
010580,에스엠벡셀,KOSPI
203650,드림시큐리티,KOSDAQ
013990,아가방컴퍼니,KOSDAQ
097955,CJ제일제당 우,KOSPI
083420,그린케미칼,KOSPI
092130,이크레더블,KOSDAQ
003650,미창석유,KOSPI
458650,성우,KOSDAQ
003555,LG우,KOSPI
214180,헥토이노베이션,KOSDAQ
009470,삼화전기,KOSPI
009270,신원,KOSPI
018470,조일알미늄,KOSPI
036200,유니셈,KOSDAQ
077360,덕산하이메탈,KOSDAQ
010820,퍼스텍,KOSPI
079960,동양이엔피,KOSDAQ
109740,디에스케이,KOSDAQ
007110,일신석재,KOSPI
234080,JW생명과학,KOSPI
104460,디와이피엔에프,KOSDAQ
016790,현대사료,KOSDAQ
299030,하나기술,KOSDAQ
006490,인스코비,KOSPI
081000,일진다이아,KOSPI
460850,동국씨엠,KOSPI
285490,노바텍,KOSDAQ
299900,위지윅스튜디오,KOSDAQ
003070,코오롱글로벌,KOSPI
128820,대성산업,KOSPI
251120,바이오에프디엔씨,KOSDAQ
322310,오로스테크놀로지,KOSDAQ
069510,에스텍,KOSDAQ
000020,동화약품,KOSPI
122450,KX,KOSDAQ
003547,대신증권2우B,KOSPI
126600,BGF에코머티리얼즈,KOSDAQ
080420,모다이노칩,KOSDAQ
098120,마이크로컨텍솔,KOSDAQ
011040,경동제약,KOSDAQ
092200,디아이씨,KOSPI
003830,대한화섬,KOSPI
365330,에스와이스틸텍,KOSDAQ
037460,삼지전자,KOSDAQ
443670,에스피소프트,KOSDAQ
205470,휴마시스,KOSDAQ
095570,AJ네트웍스,KOSPI
090350,노루페인트,KOSPI
013580,계룡건설,KOSPI
083930,아바코,KOSDAQ
298540,더네이쳐홀딩스,KOSDAQ
100250,진양홀딩스,KOSPI
023910,대한약품,KOSDAQ
305090,마이크로디지탈,KOSDAQ
143240,사람인,KOSDAQ
068290,삼성출판사,KOSPI
004090,한국석유,KOSPI
210980,SK디앤디,KOSPI
107590,미원홀딩스,KOSPI
297890,HB솔루션,KOSDAQ
078150,HB테크놀러지,KOSDAQ
004560,현대비앤지스틸,KOSPI
094820,일진파워,KOSDAQ
307750,국전약품,KOSDAQ
009155,삼성전기우,KOSPI
084650,랩지노믹스,KOSDAQ
109610,에스와이,KOSDAQ
101970,우양에이치씨,KOSDAQ
044820,코스맥스비티아이,KOSPI
003610,방림,KOSPI
234690,녹십자웰빙,KOSDAQ
134380,미원화학,KOSPI
122990,와이솔,KOSDAQ
114190,강원에너지,KOSDAQ
073010,케이에스피,KOSDAQ
337930,젝시믹스,KOSDAQ
009580,무림P&P,KOSPI
182400,엔케이맥스,KOSDAQ
078070,유비쿼스홀딩스,KOSDAQ
330860,네패스아크,KOSDAQ
201490,미투온,KOSDAQ
02826K,삼성물산우B,KOSPI
453450,그리드위즈,KOSDAQ
377480,마음AI,KOSDAQ
091120,이엠텍,KOSDAQ
047310,파워로직스,KOSDAQ
405100,큐알티,KOSDAQ
033160,엠케이전자,KOSDAQ
083310,엘오티베큠,KOSDAQ
016450,한세예스24홀딩스,KOSPI
322510,제이엘케이,KOSDAQ
051160,지어소프트,KOSDAQ
363280,티와이홀딩스,KOSPI
005950,이수화학,KOSPI
131370,알서포트,KOSDAQ
011785,금호석유화학우,KOSPI
006910,보성파워텍,KOSDAQ
100130,동국S&C,KOSDAQ
000860,강남제비스코,KOSPI
274090,켄코아에어로스페이스,KOSDAQ
005430,한국공항,KOSPI
038290,마크로젠,KOSDAQ
009070,KCTC,KOSPI
025820,이구산업,KOSPI
192440,슈피겐코리아,KOSDAQ
000390,삼화페인트,KOSPI
289220,자이언트스텝,KOSDAQ
063170,서울옥션,KOSDAQ
00279K,아모레퍼시픽홀딩스3우C,KOSPI
206560,덱스터,KOSDAQ
439580,블루엠텍,KOSDAQ
353810,이지바이오,KOSDAQ
321820,아티스트컴퍼니,KOSDAQ
008830,대동기어,KOSDAQ
006405,삼성SDI우,KOSPI
000300,DH오토넥스,KOSPI
015230,대창단조,KOSPI
002170,삼양통상,KOSPI
123040,엠에스오토텍,KOSDAQ
251370,와이엠티,KOSDAQ
063570,NICE인프라,KOSDAQ
079430,현대리바트,KOSPI
032300,한국파마,KOSDAQ
217820,원익피앤이,KOSDAQ
001360,삼성제약,KOSPI
073490,이노와이어리스,KOSDAQ
092220,KEC,KOSPI
023600,삼보판지,KOSDAQ
004250,NPC,KOSPI
336680,탑런토탈솔루션,KOSDAQ
053080,케이엔솔,KOSDAQ
205100,엑셈,KOSDAQ
462520,조선내화,KOSPI
004970,신라교역,KOSPI
143160,아이디스,KOSDAQ
071200,인피니트헬스케어,KOSDAQ
382900,범한퓨얼셀,KOSDAQ
046070,코다코,KOSDAQ
000970,한국주철관,KOSPI
214330,금호에이치티,KOSPI
462350,이노스페이스,KOSDAQ
002390,한독,KOSPI
389140,포바이포,KOSDAQ
024090,디씨엠,KOSPI
008040,사조동아원,KOSPI
008110,대동전자,KOSPI
139990,아주스틸,KOSPI
023440,제이스코홀딩스,KOSDAQ
096240,크레버스,KOSDAQ
086710,선진뷰티사이언스,KOSDAQ
003480,한진중공업홀딩스,KOSPI
008350,남선알미늄,KOSPI
108230,톱텍,KOSDAQ
217950,파마리서치바이오,KONEX
400760,NH올원리츠,KOSPI
094280,효성ITX,KOSPI
052710,아모텍,KOSDAQ
090850,현대이지웰,KOSDAQ
010955,S-Oil우,KOSPI
450140,코오롱모빌리티그룹,KOSPI
000700,유수홀딩스,KOSPI
027970,한국제지,KOSPI
006840,AK홀딩스,KOSPI
016710,대성홀딩스,KOSPI
136540,윈스테크넷,KOSDAQ
003460,유화증권,KOSPI
200350,아티스트스튜디오,KOSDAQ
350520,이지스레지던스리츠,KOSPI
009780,엠에스씨,KOSDAQ
015890,태경산업,KOSPI
060590,씨티씨바이오,KOSDAQ
163280,에어레인,KOSDAQ
052330,코텍,KOSDAQ
031440,신세계푸드,KOSPI
049950,미래컴퍼니,KOSDAQ
092460,한라IMS,KOSDAQ
140670,알에스오토메이션,KOSDAQ
011280,태림포장,KOSPI
068790,DMS,KOSDAQ
001520,동양,KOSPI
064800,포니링크,KOSDAQ
052260,현대바이오랜드,KOSDAQ
007210,벽산,KOSPI
425040,티이엠씨,KOSDAQ
264850,이랜시스,KOSDAQ
092190,서울바이오시스,KOSDAQ
059210,메타바이오메드,KOSDAQ
475580,에이럭스,KOSDAQ
005990,매일홀딩스,KOSDAQ
078140,대봉엘에스,KOSDAQ
290670,대보마그네틱,KOSDAQ
354320,알멕,KOSDAQ
298000,효성화학,KOSPI
095190,이엠코리아,KOSDAQ
049720,고려신용정보,KOSDAQ
054210,이랜텍,KOSDAQ
006620,동구바이오제약,KOSDAQ
243840,신흥에스이씨,KOSDAQ
272110,케이엔제이,KOSDAQ
033340,좋은사람들,KOSDAQ
207760,미스터블루,KOSDAQ
191420,테고사이언스,KOSDAQ
451760,컨텍,KOSDAQ
017370,우신시스템,KOSPI
047820,초록뱀미디어,KOSDAQ
104480,티케이케미칼,KOSDAQ
012320,경동인베스트,KOSPI
005860,한일사료,KOSDAQ
032940,원익,KOSDAQ
361390,제노코,KOSDAQ
041440,현대에버다임,KOSDAQ
474170,루미르,KOSDAQ
020120,키다리스튜디오,KOSPI
066620,국보디자인,KOSDAQ
040300,YTN,KOSDAQ
160980,싸이맥스,KOSDAQ
078350,한양디지텍,KOSDAQ
332570,PS일렉트로닉스,KOSDAQ
303810,동국생명과학,KOSDAQ
084990,헬릭스미스,KOSDAQ
039830,오로라,KOSDAQ
083660,CSA 코스믹,KOSDAQ
092870,엑시콘,KOSDAQ
210540,디와이파워,KOSPI
214260,라파스,KOSDAQ
315640,딥노이드,KOSDAQ
435570,에르코스,KOSDAQ
376270,에이치이엠파마,KOSDAQ
004140,동방,KOSPI
317400,자이에스앤디,KOSPI
083790,CG인바이츠,KOSDAQ
077500,유니퀘스트,KOSPI
370090,퓨런티어,KOSDAQ
389500,에스비비테크,KOSDAQ
288330,브릿지바이오테라퓨틱스,KOSDAQ
027710,팜스토리,KOSDAQ
007330,푸른저축은행,KOSDAQ
048910,대원미디어,KOSDAQ
382840,원준,KOSDAQ
282880,코윈테크,KOSDAQ
048550,SM C&C,KOSDAQ
460870,에스엠씨지,KOSDAQ
099440,스맥,KOSDAQ
046120,오르비텍,KOSDAQ
223310,딥마인드,KOSDAQ
033180,KH 필룩스,KOSPI
092070,디엔에프,KOSDAQ
004080,신흥,KOSPI
106190,하이텍팜,KOSDAQ
011330,유니켐,KOSPI
052420,오성첨단소재,KOSDAQ
338840,와이바이오로직스,KOSDAQ
443250,레뷰코퍼레이션,KOSDAQ
424960,스마트레이더시스템,KOSDAQ
418470,KT밀리의서재,KOSDAQ
413640,비아이매트릭스,KOSDAQ
002620,제일파마홀딩스,KOSPI
321550,티움바이오,KOSDAQ
012610,경인양행,KOSPI
382150,온코크로스,KOSDAQ
001020,페이퍼코리아,KOSPI
244920,에이플러스에셋,KOSPI
115310,인포바인,KOSDAQ
037070,파세코,KOSDAQ
014710,사조씨푸드,KOSPI
480370,씨케이솔루션,KOSPI
030960,양지사,KOSDAQ
293580,나우IB,KOSDAQ
079810,디이엔티,KOSDAQ
119830,아이텍,KOSDAQ
456070,이엔셀,KOSDAQ
042510,라온시큐어,KOSDAQ
003580,HLB글로벌,KOSPI
123690,한국화장품,KOSPI
066590,우수AMS,KOSDAQ
214680,디알텍,KOSDAQ
123410,코리아에프티,KOSDAQ
014280,금강공업,KOSPI
225530,보광산업,KOSDAQ
019550,SBI인베스트먼트,KOSDAQ
004150,한솔홀딩스,KOSPI
011560,세보엠이씨,KOSDAQ
393970,대진첨단소재,KOSDAQ
269620,시스웍,KOSDAQ
010100,한국무브넥스,KOSPI
003100,선광,KOSDAQ
267850,아시아나IDT,KOSPI
078000,텔코웨어,KOSPI
362320,청담글로벌,KOSDAQ
067990,도이치모터스,KOSDAQ
411080,샌즈랩,KOSDAQ
149950,아바텍,KOSDAQ
072870,메가스터디,KOSDAQ
026150,특수건설,KOSDAQ
054050,농우바이오,KOSDAQ
950190,고스트스튜디오,KOSDAQ
038110,에코플라스틱,KOSDAQ
011700,한신기계,KOSPI
014580,태경비케이,KOSPI
003720,삼영,KOSPI
317770,엑스페릭스,KOSDAQ
204610,티쓰리,KOSDAQ
278650,HLB바이오스텝,KOSDAQ
102370,케이옥션,KOSDAQ
142210,유니트론텍,KOSDAQ
382800,지앤비에스 에코,KOSDAQ
333430,일승,KOSDAQ
005870,휴니드,KOSPI
448710,코츠테크놀로지,KOSDAQ
069460,대호에이엘,KOSPI
289860,지슨,KONEX
003060,에이프로젠바이오로직스,KOSPI
396470,워트,KOSDAQ
290550,디케이티,KOSDAQ
147830,제룡산업,KOSDAQ
067900,와이엔텍,KOSDAQ
060570,드림어스컴퍼니,KOSDAQ
035000,HS애드,KOSPI
093640,케이알엠,KOSDAQ
033530,SJG세종,KOSPI
048530,인트론바이오,KOSDAQ
033290,코웰패션,KOSDAQ
229500,노브메타파마,KONEX
014160,대영포장,KOSPI
086960,MDS테크,KOSDAQ
264660,씨앤지하이테크,KOSDAQ
226590,엠디바이스,KOSDAQ
012800,대창,KOSPI
012700,리드코프,KOSDAQ
067000,조이시티,KOSDAQ
489500,엘케이켐,KOSDAQ
120030,조선선재,KOSPI
021080,에이티넘인베스트,KOSDAQ
002990,금호건설,KOSPI
029480,광무,KOSDAQ
018120,진로발효,KOSDAQ
115500,케이씨에스,KOSDAQ
006890,태경케미컬,KOSPI
226400,오스테오닉,KOSDAQ
019440,세아특수강,KOSPI
235980,메드팩토,KOSDAQ
089470,HDC현대EP,KOSPI
043610,KT지니뮤직,KOSDAQ
282720,금양그린파워,KOSDAQ
039340,한국경제TV,KOSDAQ
007540,샘표,KOSPI
099750,이지케어텍,KOSDAQ
463480,모티브링크,KOSDAQ
005960,동부건설,KOSPI
220260,켐트로스,KOSDAQ
045660,에이텍,KOSDAQ
348350,위드텍,KOSDAQ
289930,웨이비스,KOSDAQ
015590,DKME,KOSPI
347860,알체라,KOSDAQ
175140,휴먼테크놀로지,KOSDAQ
151910,퓨처코어,KOSDAQ
208370,셀바스헬스케어,KOSDAQ
006805,미래에셋증권우,KOSPI
060310,3S,KOSDAQ
407400,꿈비,KOSDAQ
044990,에이치엔에스하이텍,KOSDAQ
039560,다산네트웍스,KOSDAQ
170920,엘티씨,KOSDAQ
163730,핑거,KOSDAQ
065500,오리엔트정공,KOSDAQ
311690,CJ 바이오사이언스,KOSDAQ
063160,종근당바이오,KOSPI
049960,쎌바이오텍,KOSDAQ
002200,한국수출포장,KOSPI
013570,디와이,KOSPI
267290,경동도시가스,KOSPI
058850,KTcs,KOSPI
014530,극동유화,KOSPI
123420,위메이드플레이,KOSDAQ
023450,동남합성,KOSPI
418420,라온텍,KOSDAQ
089890,코세스,KOSDAQ
408900,스튜디오미르,KOSDAQ
040350,크레오에스지,KOSDAQ
042520,한스바이오메드,KOSDAQ
322180,LS티라유텍,KOSDAQ
011690,와이투솔루션,KOSPI
248170,샘표식품,KOSPI
317870,엔바이오니아,KOSDAQ
065450,빅텍,KOSDAQ
950110,SBI핀테크솔루션즈,KOSDAQ
452280,한선엔지니어링,KOSDAQ
058630,엠게임,KOSDAQ
452190,한빛레이저,KOSDAQ
156100,엘앤케이바이오,KOSDAQ
080580,오킨스전자,KOSDAQ
044340,위닉스,KOSDAQ
023900,풍국주정,KOSDAQ
002450,삼익악기,KOSPI
264450,유비쿼스,KOSDAQ
227840,현대코퍼레이션홀딩스,KOSPI
461030,아이엠비디엑스,KOSDAQ
049520,유아이엘,KOSDAQ
064290,인텍플러스,KOSDAQ
388610,지에프씨생명과학,KONEX
228670,레이,KOSDAQ
041590,플래스크,KOSDAQ
253840,수젠텍,KOSDAQ
017900,광전자,KOSPI
110790,크리스에프앤씨,KOSDAQ
417500,제이아이테크,KOSDAQ
214390,경보제약,KOSPI
146320,비씨엔씨,KOSDAQ
017510,세명전기,KOSDAQ
019010,베뉴지,KOSDAQ
000105,유한양행우,KOSPI
445180,퓨릿,KOSDAQ
900250,크리스탈신소재,KOSDAQ
005740,크라운해태홀딩스,KOSPI
005800,신영와코루,KOSPI
226330,신테카바이오,KOSDAQ
006660,삼성공조,KOSPI
309960,LB인베스트먼트,KOSDAQ
228850,레이언스,KOSDAQ
100700,세운메디칼,KOSDAQ
241770,메카로,KOSDAQ
008700,아남전자,KOSPI
451250,삐아,KOSDAQ
002460,HS화성,KOSPI
200230,텔콘RF제약,KOSDAQ
093190,빅솔론,KOSDAQ
021820,세원정공,KOSPI
038540,상상인,KOSDAQ
002780,진흥기업,KOSPI
041520,이엘씨,KOSDAQ
402490,그린리소스,KOSDAQ
035610,솔본,KOSDAQ
214270,FSN,KOSDAQ
215100,로보로보,KOSDAQ
017550,수산세보틱스,KOSPI
210120,캔버스엔,KOSDAQ
010660,화천기계,KOSPI
093240,형지엘리트,KOSPI
039860,나노엔텍,KOSDAQ
234300,에스트래픽,KOSDAQ
082850,우리바이오,KOSDAQ
009300,삼아제약,KOSDAQ
034590,인천도시가스,KOSPI
101140,인바이오젠,KOSPI
124560,태웅로직스,KOSDAQ
216050,인크로스,KOSDAQ
027050,코리아나,KOSDAQ
302550,리메드,KOSDAQ
066700,테라젠이텍스,KOSDAQ
417010,나노팀,KOSDAQ
476080,M83,KOSDAQ
225190,LK삼양,KOSDAQ
053280,예스24,KOSDAQ
000180,성창기업지주,KOSPI
475430,키스트론,KOSDAQ
021320,KCC건설,KOSDAQ
246710,티앤알바이오팹,KOSDAQ
039610,화성밸브,KOSDAQ
067830,세이브존I&C,KOSPI
004310,현대약품,KOSPI
357230,에이치피오,KOSDAQ
012860,모베이스전자,KOSDAQ
024800,유성티엔에스,KOSDAQ
264900,크라운제과,KOSPI
013310,아진산업,KOSDAQ
209640,와이제이링크,KOSDAQ
033230,인성정보,KOSDAQ
384470,코어라인소프트,KOSDAQ
011810,STX,KOSPI
001080,만호제강,KOSPI
054800,아이디스홀딩스,KOSDAQ
041910,폴라리스AI파마,KOSDAQ
277880,티에스아이,KOSDAQ
273640,와이엠텍,KOSDAQ
393210,토마토시스템,KOSDAQ
091580,상신이디피,KOSDAQ
168330,내츄럴엔도텍,KOSDAQ
039020,이건홀딩스,KOSDAQ
396690,미래에셋글로벌리츠,KOSPI
036630,세종텔레콤,KOSDAQ
093920,서원인텍,KOSDAQ
085670,뉴프렉스,KOSDAQ
011150,CJ씨푸드,KOSPI
004890,동일산업,KOSPI
138080,오이솔루션,KOSDAQ
054670,대한뉴팜,KOSDAQ
246960,SCL사이언스,KOSDAQ
125210,아모그린텍,KOSDAQ
013520,화승코퍼레이션,KOSPI
019590,에스유앤피,KOSDAQ
261200,덴티스,KOSDAQ
011390,부산산업,KOSPI
033320,제이씨현시스템,KOSDAQ
417790,트루엔,KOSDAQ
041920,메디아나,KOSDAQ
000440,중앙에너비스,KOSDAQ
008260,NI스틸,KOSPI
163560,동일고무벨트,KOSPI
094850,참좋은여행,KOSDAQ
950220,네오이뮨텍,KOSDAQ
014470,부방,KOSDAQ
453860,에이에스텍,KOSDAQ
079980,휴비스,KOSPI
000590,CS홀딩스,KOSPI
054920,한컴위드,KOSDAQ
352090,스톰테크,KOSDAQ
016740,두올,KOSPI
014790,HL D&I,KOSPI
074430,아미노로직스,KOSDAQ
073560,우리손에프앤지,KOSDAQ
023000,삼원강재,KOSPI
479960,위너스,KOSDAQ
111710,남화산업,KOSDAQ
032560,황금에스티,KOSPI
002700,신일전자,KOSPI
200470,에이팩트,KOSDAQ
004840,DRB동일,KOSPI
060560,홈센타홀딩스,KOSDAQ
058400,KNN,KOSDAQ
355390,크라우드웍스,KOSDAQ
141000,비아트론,KOSDAQ
001540,안국약품,KOSDAQ
126730,코칩,KOSDAQ
002720,국제약품,KOSPI
119650,KC코트렐,KOSPI
096350,대창솔루션,KOSDAQ
010170,대한광통신,KOSDAQ
045970,코아시아,KOSDAQ
199430,케이엔알시스템,KOSDAQ
048430,유라테크,KOSDAQ
012690,모나리자,KOSPI
299660,셀리드,KOSDAQ
259630,엠플러스,KOSDAQ
084730,팅크웨어,KOSDAQ
066410,버킷스튜디오,KOSDAQ
408920,메쎄이상,KOSDAQ
120240,대정화금,KOSDAQ
241840,에이스토리,KOSDAQ
064090,인크레더블버즈,KOSDAQ
061250,화일약품,KOSDAQ
054620,APS,KOSDAQ
355150,코스텍시스,KOSDAQ
306620,네온테크,KOSDAQ
089850,유비벨록스,KOSDAQ
419050,삼기에너지솔루션즈,KOSDAQ
131030,옵투스제약,KOSDAQ
027830,대성창투,KOSDAQ
024880,케이피에프,KOSDAQ
036000,예림당,KOSDAQ
474650,링크솔루션,KOSDAQ
081180,쎄크,KOSDAQ
199550,레이저옵텍,KOSDAQ
058860,KTis,KOSPI
330350,위더스제약,KOSDAQ
036580,팜스코,KOSPI
222040,코스맥스엔비티,KOSDAQ
460940,피앤에스미캐닉스,KOSDAQ
159580,제로투세븐,KOSDAQ
067570,엔브이에이치코리아,KOSDAQ
432430,와이랩,KOSDAQ
053700,삼보모터스,KOSDAQ
381620,제닉스,KOSDAQ
066790,씨씨에스,KOSDAQ
396270,넥스트칩,KOSDAQ
232530,이엠티,KONEX
040420,정상제이엘에스,KOSDAQ
010040,한국내화,KOSPI
232680,라온테크,KOSDAQ
366030,공구우먼,KOSDAQ
038680,에스넷,KOSDAQ
004100,태양금속,KOSPI
300120,라온피플,KOSDAQ
083500,에프엔에스테크,KOSDAQ
417860,오브젠,KOSDAQ
004960,한신공영,KOSPI
043710,서울리거,KOSDAQ
296160,프로젠,KONEX
013360,일성건설,KOSPI
072020,중앙백신,KOSDAQ
023800,인지컨트롤스,KOSPI
002630,오리엔트바이오,KOSPI
149980,하이로닉,KOSDAQ
307930,컴퍼니케이,KOSDAQ
373160,데이원컴퍼니,KOSDAQ
234100,폴라리스세원,KOSDAQ
180400,DXVX,KOSDAQ
263800,데이타솔루션,KOSDAQ
162300,신스틸,KOSDAQ
014990,인디에프,KOSPI
347890,엠투아이,KOSDAQ
348150,고바이오랩,KOSDAQ
006090,사조오양,KOSPI
378800,샤페론,KOSDAQ
002600,조흥,KOSPI
004830,덕성,KOSPI
011230,삼화전자,KOSPI
056090,시지메드텍,KOSDAQ
041930,동아화성,KOSDAQ
065510,휴비츠,KOSDAQ
057680,티사이언티픽,KOSDAQ
365590,하이딥,KOSDAQ
204840,지엘팜텍,KOSDAQ
061040,알에프텍,KOSDAQ
111380,동인기연,KOSPI
03473K,SK우,KOSPI
140070,서플러스글로벌,KOSDAQ
396300,세아메카닉스,KOSDAQ
183490,엔지켐생명과학,KOSDAQ
001560,제일연마,KOSPI
448900,한국피아이엠,KOSDAQ
403490,우듬지팜,KOSDAQ
187420,HLB제넥스,KOSDAQ
014200,광림,KOSDAQ
033790,피노,KOSDAQ
126880,제이엔케이글로벌,KOSDAQ
049430,코메론,KOSDAQ
007720,소노스퀘어,KOSDAQ
011370,서한,KOSDAQ
104620,노랑풍선,KOSDAQ
432470,케이엔에스,KOSDAQ
444530,심플랫폼,KOSDAQ
006880,신송홀딩스,KOSPI
339950,아이비김영,KOSDAQ
289080,SV인베스트먼트,KOSDAQ
413390,엠오티,KOSDAQ
025550,한국선재,KOSDAQ
084180,수성웹툰,KOSDAQ
452200,민테크,KOSDAQ
046210,HLB파나진,KOSDAQ
478560,블랙야크아이앤씨,KOSDAQ
007280,한국특강,KOSPI
064850,에프앤가이드,KOSDAQ
099220,SDN,KOSDAQ
006140,피제이전자,KOSDAQ
347000,센코,KOSDAQ
173130,오파스넷,KOSDAQ
049480,오픈베이스,KOSDAQ
107600,새빗켐,KOSDAQ
036640,HRS,KOSDAQ
166480,코아스템켐온,KOSDAQ
004650,창해에탄올,KOSDAQ
145170,노브랜드,KOSDAQ
086670,비엠티,KOSDAQ
036090,위지트,KOSDAQ
014440,영보화학,KOSPI
001260,남광토건,KOSPI
314130,지놈앤컴퍼니,KOSDAQ
208140,정다운,KOSDAQ
262260,에이프로,KOSDAQ
212710,아이에스티이,KOSDAQ
088340,유라클,KOSDAQ
009200,무림페이퍼,KOSPI
134580,탑코미디어,KOSDAQ
053450,세코닉스,KOSDAQ
255440,야스,KOSDAQ
380540,옵티코어,KOSDAQ
137950,제이씨케미칼,KOSDAQ
017040,광명전기,KOSPI
215360,우리산업,KOSDAQ
250060,모비스,KOSDAQ
032850,비트컴퓨터,KOSDAQ
142280,녹십자엠에스,KOSDAQ
067290,JW신약,KOSDAQ
014970,삼륭물산,KOSDAQ
170030,현대공업,KOSDAQ
372910,한컴라이프케어,KOSPI
033310,엠투엔,KOSDAQ
002800,신신제약,KOSDAQ
096775,SK이노베이션우,KOSPI
054780,키이스트,KOSDAQ
042600,새로닉스,KOSDAQ
136410,아셈스,KOSDAQ
038460,바이오스마트,KOSDAQ
003925,남양유업우,KOSPI
053050,지에스이,KOSDAQ
067370,선바이오,KOSDAQ
347740,피엔케이피부임상연구센타,KOSDAQ
010960,삼호개발,KOSPI
042500,링네트,KOSDAQ
007590,동방아그로,KOSPI
459100,위츠,KOSDAQ
357880,SKAI,KOSDAQ
217730,강스템바이오텍,KOSDAQ
130580,나이스디앤비,KOSDAQ
265560,영화테크,KOSDAQ
338100,NH프라임리츠,KOSPI
215090,솔디펜스,KOSDAQ
311320,지오엘리먼트,KOSDAQ
036120,서울평가정보,KOSDAQ
122310,제노레이,KOSDAQ
222110,팬젠,KOSDAQ
320000,한울반도체,KOSDAQ
032540,TJ미디어,KOSDAQ
100220,비상교육,KOSPI
294140,레몬,KOSDAQ
351870,차이커뮤니케이션,KOSDAQ
024900,디와이덕양,KOSPI
185490,아이진,KOSDAQ
016250,SGC E&C,KOSDAQ
052220,iMBC,KOSDAQ
105740,디케이락,KOSDAQ
446540,메가터치,KOSDAQ
043910,자연과환경,KOSDAQ
192250,케이사인,KOSDAQ
016090,대현,KOSPI
038880,아이에이,KOSDAQ
265740,엔에프씨,KOSDAQ
204020,그리티,KOSDAQ
041460,한국전자인증,KOSDAQ
317830,에스피시스템스,KOSDAQ
195990,에이비프로바이오,KOSDAQ
053260,금강철강,KOSDAQ
382480,지아이텍,KOSDAQ
260930,씨티케이,KOSDAQ
078860,엔에스이엔엠,KOSDAQ
251630,브이원텍,KOSDAQ
129260,인터지스,KOSPI
007370,진양제약,KOSDAQ
417840,저스템,KOSDAQ
222810,세토피아,KOSDAQ
043260,성호전자,KOSDAQ
012210,삼미금속,KONEX
042940,상지건설,KOSDAQ
043650,국순당,KOSDAQ
412540,제일엠앤에스,KOSDAQ
002230,피에스텍,KOSDAQ
039240,경남스틸,KOSDAQ
004870,티웨이홀딩스,KOSPI
261780,차백신연구소,KOSDAQ
196300,HLB펩,KOSDAQ
171120,라이온켐텍,KOSDAQ
010280,아이티센엔텍,KOSDAQ
223250,드림씨아이에스,KOSDAQ
219130,타이거일렉,KOSDAQ
004540,깨끗한나라,KOSPI
002795,아모레퍼시픽홀딩스우,KOSPI
111110,호전실업,KOSPI
054040,한국컴퓨터,KOSDAQ
388870,파로스아이바이오,KOSDAQ
148780,비큐AI,KOSDAQ
024830,세원물산,KOSDAQ
031820,아이티센씨티에스,KOSPI
376930,노을,KOSDAQ
288620,에스퓨얼셀,KOSDAQ
001470,삼부토건,KOSPI
049630,재영솔루텍,KOSDAQ
222160,NPX,KOSDAQ
187870,디바이스,KOSDAQ
188040,바이오포트,KOSDAQ
219750,한국비티비,KOSDAQ
388790,라이콤,KOSDAQ
036670,삼양케이씨아이,KOSDAQ
302430,이노메트리,KOSDAQ
442900,미래에셋드림스팩1호,KOSDAQ
000230,일동홀딩스,KOSPI
330730,스톤브릿지벤처스,KOSDAQ
263050,유틸렉스,KOSDAQ
012790,신일제약,KOSDAQ
094840,슈프리마에이치큐,KOSDAQ
451220,아이엠티,KOSDAQ
066310,큐에스아이,KOSDAQ
062970,한국첨단소재,KOSDAQ
001275,부국증권우,KOSPI
004590,한국가구,KOSDAQ
004720,팜젠사이언스,KOSPI
307180,아이엘,KOSDAQ
037950,엘컴텍,KOSDAQ
064240,홈캐스트,KOSDAQ
097780,에코볼트,KOSDAQ
071090,하이스틸,KOSPI
203690,아크솔루션스,KOSDAQ
000220,유유제약,KOSPI
105330,케이엔더블유,KOSDAQ
020710,시공테크,KOSDAQ
189980,흥국에프엔비,KOSDAQ
37550L,DL이앤씨2우(전환),KOSPI
263600,덕우전자,KOSDAQ
186230,그린플러스,KOSDAQ
091440,한울소재과학,KOSDAQ
013870,지엠비코리아,KOSPI
003560,IHQ,KOSPI
081150,티플랙스,KOSDAQ
419080,엔젯,KOSDAQ
007820,에스엠코어,KOSDAQ
475460,미트박스,KOSDAQ
104540,코렌텍,KOSDAQ
301300,바이브컴퍼니,KOSDAQ
333620,엔시스,KOSDAQ
011320,유니크,KOSDAQ
066980,한성크린텍,KOSDAQ
365270,큐라클,KOSDAQ
078935,GS우,KOSPI
101330,모베이스,KOSDAQ
001550,조비,KOSPI
33626K,두산퓨얼셀1우,KOSPI
052790,액토즈소프트,KOSDAQ
040910,아이씨디,KOSDAQ
128660,피제이메탈,KOSDAQ
950200,소마젠,KOSDAQ
109860,동일금속,KOSDAQ
001290,상상인증권,KOSPI
021880,메이슨캐피탈,KOSDAQ
175250,아이큐어,KOSDAQ
101670,하이드로리튬,KOSDAQ
208860,엔지스테크널러지,KOSDAQ
218150,미래생명자원,KOSDAQ
019175,신풍제약우,KOSPI
466410,사이냅소프트,KOSDAQ
036710,심텍홀딩스,KOSDAQ
015710,코콤,KOSDAQ
131400,이브이첨단소재,KOSDAQ
010470,오리콤,KOSDAQ
007980,TP,KOSPI
004450,삼화왕관,KOSPI
364950,에이아이코리아,KOSDAQ
054300,팬스타엔터프라이즈,KOSDAQ
009190,대양금속,KOSPI
101000,KS인더스트리,KOSDAQ
148250,알엔투테크놀로지,KOSDAQ
389030,지니너스,KOSDAQ
054540,삼영엠텍,KOSDAQ
068330,일신바이오,KOSDAQ
001380,SG글로벌,KOSPI
039420,케이엘넷,KOSDAQ
063440,SM Life Design,KOSDAQ
009770,삼정펄프,KOSPI
003780,진양산업,KOSPI
290660,네오펙트,KOSDAQ
010770,평화홀딩스,KOSPI
452400,이닉스,KOSDAQ
050960,수산아이앤티,KOSDAQ
217330,싸이토젠,KOSDAQ
072470,우리산업홀딩스,KOSDAQ
037440,희림,KOSDAQ
241690,유니테크노,KOSDAQ
198440,강동씨앤엘,KOSDAQ
037350,성도이엔지,KOSDAQ
153710,옵티팜,KOSDAQ
011300,성안머티리얼스,KOSPI
417970,모델솔루션,KOSDAQ
092440,기신정기,KOSPI
357580,아모센스,KOSDAQ
017480,삼현철강,KOSDAQ
172670,에이엘티,KOSDAQ
054930,유신,KOSDAQ
000910,유니온,KOSPI
002220,한일철강,KOSPI
142760,모아라이프플러스,KOSDAQ
419120,산돌,KOSDAQ
234920,자이글,KOSDAQ
005750,대림바스,KOSPI
080530,코디,KOSDAQ
291230,엔피,KOSDAQ
009180,한솔로지스틱스,KOSPI
024740,한일단조,KOSDAQ
391710,코닉오토메이션,KOSDAQ
127980,화인써키트,KOSDAQ
033830,티비씨,KOSDAQ
006370,대구백화점,KOSPI
115440,우리넷,KOSDAQ
004910,조광페인트,KOSPI
241790,티이엠씨씨엔에스,KOSDAQ
036010,아비코전자,KOSDAQ
102280,쌍방울,KOSPI
369370,블리츠웨이엔터테인먼트,KOSDAQ
002140,고려산업,KOSPI
219550,디와이디,KOSDAQ
294630,서남,KOSDAQ
019990,에너토크,KOSDAQ
044060,조광ILI,KOSDAQ
000850,화천기공,KOSPI
053980,오상자이엘,KOSDAQ
311390,네오크레마,KOSDAQ
373200,엑스플러스,KOSDAQ
073640,테라사이언스,KOSDAQ
024840,KBI메탈,KOSDAQ
088390,이녹스,KOSDAQ
011420,갤럭시아에스엠,KOSPI
065530,와이어블,KOSDAQ
465480,인스피언,KOSDAQ
189690,포시에스,KOSDAQ
094940,푸른기술,KOSDAQ
348080,큐라티스,KOSDAQ
009835,한화솔루션우,KOSPI
090410,덕신이피씨,KOSDAQ
155650,와이엠씨,KOSDAQ
236810,엔비티,KOSDAQ
101170,우림피티에스,KOSDAQ
000725,현대건설우,KOSPI
318020,포인트모바일,KOSDAQ
095270,웨이브일렉트로,KOSDAQ
256630,포인트엔지니어링,KOSDAQ
047770,코데즈컴바인,KOSDAQ
457370,한켐,KOSDAQ
013720,THE CUBE&,KOSDAQ
059120,아진엑스텍,KOSDAQ
004060,SG세계물산,KOSPI
000890,보해양조,KOSPI
105760,포스뱅크,KOSDAQ
357250,미래에셋맵스리츠,KOSPI
250000,보라티알,KOSDAQ
038070,서린바이오,KOSDAQ
246690,TS인베스트먼트,KOSDAQ
226360,KH 건설,KOSDAQ
318160,셀바이오휴먼텍,KOSDAQ
089150,케이씨티,KOSDAQ
263700,케어랩스,KOSDAQ
352700,씨앤투스,KOSDAQ
340360,다보링크,KOSDAQ
042110,에스씨디,KOSDAQ
177900,쓰리에이로직스,KOSDAQ
003010,혜인,KOSPI
300080,플리토,KOSDAQ
277070,린드먼아시아,KOSDAQ
091090,세원이앤씨,KOSPI
064480,브리지텍,KOSDAQ
013700,까뮤이앤씨,KOSPI
004770,써니전자,KOSPI
171010,램테크놀러지,KOSDAQ
227950,엔투텍,KOSDAQ
059270,해성에어로보틱스,KOSDAQ
237820,플레이디,KOSDAQ
047400,유니온머티리얼,KOSPI
120115,코오롱인더우,KOSPI
043100,알파녹스,KOSDAQ
072130,유엔젤,KOSPI
109960,AP헬스케어,KOSDAQ
010240,흥국,KOSDAQ
224110,에이텍모빌리티,KOSDAQ
462510,라메디텍,KOSDAQ
361570,알비더블유,KOSDAQ
090470,제이스텍,KOSDAQ
039010,현대에이치티,KOSDAQ
049550,잉크테크,KOSDAQ
239610,에이치엘사이언스,KOSDAQ
239340,이스트에이드,KOSDAQ
017650,대림제지,KOSDAQ
001210,금호전기,KOSPI
085310,엔케이,KOSPI
068050,팬엔터테인먼트,KOSDAQ
317850,대모,KOSDAQ
052770,아이톡시,KOSDAQ
072990,에이치시티,KOSDAQ
075180,새론오토모티브,KOSPI
450520,인스웨이브,KOSDAQ
260660,알리코제약,KOSDAQ
290090,트윔,KOSDAQ
066130,하츠,KOSDAQ
450330,하스,KOSDAQ
129920,대성하이텍,KOSDAQ
087260,모바일어플라이언스,KOSDAQ
055490,테이팩스,KOSPI
160550,NEW,KOSDAQ
307870,비투엔,KOSDAQ
481850,신한글로벌액티브리츠,KOSPI
000950,전방,KOSPI
199480,뱅크웨어글로벌,KOSDAQ
246720,아스타,KOSDAQ
043200,파루,KOSDAQ
212560,네오오토,KOSDAQ
155660,DSR,KOSPI
455180,케이지에이,KOSDAQ
007680,대원,KOSDAQ
003310,대주산업,KOSDAQ
065130,탑엔지니어링,KOSDAQ
111870,KH 미래물산,KOSDAQ
217190,제너셈,KOSDAQ
041650,상신브레이크,KOSPI
150900,파수,KOSDAQ
309930,오하임앤컴퍼니,KOSDAQ
134790,시디즈,KOSPI
021050,서원,KOSPI
363250,진시스템,KOSDAQ
206400,베노티앤알,KOSDAQ
465770,STX그린로지스,KOSPI
018500,동원금속,KOSPI
180060,탑선,KONEX
332370,아이디피,KOSDAQ
096630,에스코넥,KOSDAQ
263690,디알젬,KOSDAQ
002760,보락,KOSPI
040610,SG&G,KOSDAQ
474610,RF시스템즈,KOSDAQ
008250,이건산업,KOSPI
378850,화승알앤에이,KOSPI
050110,캠시스,KOSDAQ
066910,손오공,KOSDAQ
351330,이삭엔지니어링,KOSDAQ
004780,대륙제관,KOSDAQ
000650,천일고속,KOSPI
069920,엑시온그룹,KOSDAQ
376290,씨유테크,KOSDAQ
004920,씨아이테크,KOSPI
065370,위세아이텍,KOSDAQ
052670,제일바이오,KOSDAQ
321370,센서뷰,KOSDAQ
004440,삼일씨엔에스,KOSPI
067920,이글루,KOSDAQ
053270,구영테크,KOSDAQ
037330,인지디스플레,KOSDAQ
321260,프로이천,KOSDAQ
006740,영풍제지,KOSPI
024910,경창산업,KOSDAQ
037030,파워넷,KOSDAQ
071670,에이테크솔루션,KOSDAQ
056730,CNT85,KOSDAQ
28513K,SK케미칼우,KOSPI
173940,에프엔씨엔터,KOSDAQ
352910,오비고,KOSDAQ
100030,인지소프트,KOSDAQ
024950,삼천리자전거,KOSDAQ
313760,캐리,KOSDAQ
097800,윈팩,KOSDAQ
464280,티디에스팜,KOSDAQ
066670,디티씨,KOSDAQ
430690,한싹,KOSDAQ
219420,링크제니시스,KOSDAQ
023350,한국종합기술,KOSPI
279600,미디어젠,KOSDAQ
376180,피코그램,KOSDAQ
004410,서울식품,KOSPI
336060,웨이버스,KOSDAQ
114450,그린생명과학,KOSDAQ
340810,시선AI,KOSDAQ
090080,평화산업,KOSPI
078890,가온그룹,KOSDAQ
418620,E8,KOSDAQ
092780,DYP,KOSPI
039290,인포뱅크,KOSDAQ
053620,태양,KOSDAQ
036170,에이치엠넥스,KOSDAQ
462980,아이지넷,KOSDAQ
033130,디지틀조선,KOSDAQ
420570,제이투케이바이오,KOSDAQ
046970,우리로,KOSDAQ
037230,한국팩키지,KOSDAQ
087600,픽셀플러스,KOSDAQ
033170,시그네틱스,KOSDAQ
377220,프롬바이오,KOSDAQ