Symbol,Company Name
A,Agilent Technologies Inc. Common Stock
AA,Alcoa Corporation Common Stock 
AACB,Artius II Acquisition Inc. Class A Ordinary Shares
AACBR,Artius II Acquisition Inc. Rights
AACG,ATA Creativity Global American Depositary Shares
AACI,Armada Acquisition Corp. II Class A Ordinary Shares
AACIU,Armada Acquisition Corp. II Units
AACIW,Armada Acquisition Corp. II Warrant
AACT,Ares Acquisition Corporation II Class A Ordinary Shares
AAL,American Airlines Group Inc. Common Stock
AAM,AA Mission Acquisition Corp. Class A Ordinary Shares
AAME,Atlantic American Corporation Common Stock
AAMI,Acadian Asset Management Inc. Common Stock
AAOI,Applied Optoelectronics Inc. Common Stock
AAON,AAON Inc. Common Stock
AAP,Advance Auto Parts Inc.
AAPG,Ascentage Pharma Group International American Depository Shares
AAPL,Apple Inc. Common Stock
AARD,Aardvark Therapeutics Inc. Common Stock
AAT,American Assets Trust Inc. Common Stock
AAUC,Allied Gold Corporation Common Shares
AB,AllianceBernstein Holding L.P.  Units
ABAT,American Battery Technology Company Common Stock
ABBV,AbbVie Inc. Common Stock
ABCB,Ameris Bancorp Common Stock
ABCL,AbCellera Biologics Inc. Common Shares
ABEO,Abeona Therapeutics Inc. Common Stock
ABEV,Ambev S.A. American Depositary Shares (Each representing 1 Common Share)
ABG,Asbury Automotive Group Inc Common Stock
ABL,Abacus Global Management Inc. Class A Common Stock
ABLLL,Abacus Global Management Inc. 9.875% Fixed Rate Senior Notes due 2028
ABLLW,Abacus Global Management Inc. Warrant
ABLV,Able View Global Inc. Class B Ordinary Shares
ABLVW,Able View Global Inc. Warrant
ABM,ABM Industries Incorporated Common Stock
ABNB,Airbnb Inc. Class A Common Stock
ABOS,Acumen Pharmaceuticals Inc. Common Stock
ABP,Abpro Holdings Inc Common Stock
ABR,Arbor Realty Trust Common Stock
ABR^D,Arbor Realty Trust 6.375% Series D Cumulative Redeemable Preferred Stock Liquidation Preference $25.00 per Share
ABR^E,Arbor Realty Trust 6.25% Series E Cumulative Redeemable Preferred Stock
ABR^F,Arbor Realty Trust 6.25% Series F Fixed-to-Floating Rate Cumulative Redeemable Preferred Stock Liquidation Preference $25.00 per share
ABSI,Absci Corporation Common Stock
ABT,Abbott Laboratories Common Stock
ABTS,Abits Group Inc Ordinary Shares
ABUS,Arbutus Biopharma Corporation Common Stock
ABVC,ABVC BioPharma Inc. Common Stock
ABVE,Above Food Ingredients Inc. Common Stock
ABVEW,Above Food Ingredients Inc. Warrants
ABVX,Abivax SA American Depositary Shares
AC,Associated Capital Group Inc. Common Stock
ACA,Arcosa Inc. Common Stock 
ACAD,ACADIA Pharmaceuticals Inc. Common Stock
ACB,Aurora Cannabis Inc. Common Shares
ACCO,Acco Brands Corporation Common Stock
ACCS,ACCESS Newswire Inc. Common Stock
ACDC,ProFrac Holding Corp. Class A Common Stock
ACEL,Accel Entertainment Inc. 
ACET,Adicet Bio Inc. Common Stock 
ACFN,Acorn Energy Inc. Common Stock
ACGL,Arch Capital Group Ltd. Common Stock
ACGLN,Arch Capital Group Ltd. Depositary Shares each Representing a 1/1000th Interest in a 4.550% Non-Cumulative Preferred Share Series G
ACGLO,Arch Capital Group Ltd. Depositary Shares Each Representing 1/1000th Interest in a Share of 5.45% Non-Cumulative Preferred Shares Series F
ACHC,Acadia Healthcare Company Inc. Common Stock
ACHR,Archer Aviation Inc. Class A Common Stock
ACHV,Achieve Life Sciences Inc. Common Shares
ACI,Albertsons Companies Inc. Class A Common Stock
ACIC,American Coastal Insurance Corporation Common Stock
ACIU,AC Immune SA Common Stock
ACIW,ACI Worldwide Inc. Common Stock
ACLS,Axcelis Technologies Inc. Common Stock
ACLX,Arcellx Inc. Common Stock
ACM,AECOM Common Stock
ACMR,ACM Research Inc. Class A Common Stock
ACN,Accenture plc Class A Ordinary Shares (Ireland)
ACNB,ACNB Corporation Common Stock
ACNT,Ascent Industries Co. Common Stock
ACOG,Alpha Cognition Inc. Common Stock
ACON,Aclarion Inc. Common Stock
ACONW,Aclarion Inc. Warrant
ACP,abrdn Income Credit Strategies Fund Common Shares
ACP^A,abrdn Income Credit Strategies Fund 5.250% Series A Perpetual Preferred Stock
ACR,ACRES Commercial Realty Corp. Common Stock
ACRE,Ares Commercial Real Estate Corporation Common Stock
ACRS,Aclaris Therapeutics Inc. Common Stock
ACRV,Acrivon Therapeutics Inc. Common Stock
ACR^C,ACRES Commercial Realty Corp. 8.625% Fixed-to-Floating Series C Cumulative Redeemable Preferred Stock 
ACR^D,ACRES Commercial Realty Corp. 7.875% Series D Cumulative Redeemable Preferred Stock
ACT,Enact Holdings Inc. Common Stock
ACTG,Acacia Research Corporation (Acacia Tech) Common Stock
ACTU,Actuate Therapeutics Inc. Common stock
ACU,Acme United Corporation. Common Stock
ACV,Virtus Diversified Income & Convertible Fund Common Shares of Beneficial Interest
ACVA,ACV Auctions Inc. Class A Common Stock
ACXP,Acurx Pharmaceuticals Inc. Common Stock
ADAG,Adagene Inc. American Depositary Shares
ADAP,Adaptimmune Therapeutics plc American Depositary Shares
ADBE,Adobe Inc. Common Stock
ADC,Agree Realty Corporation Common Stock
ADCT,ADC Therapeutics SA Common Shares
ADC^A,Agree Realty Corporation Depositary Shares each representing 1/1000th of a 4.250% Series A Cumulative Redeemable Preferred Stock
ADD,Color Star Technology Co. Ltd. Class A Ordinary Shares
ADEA,Adeia Inc. Common Stock
ADGM,Adagio Medical Holdings Inc Common Stock
ADI,Analog Devices Inc. Common Stock
ADIL,Adial Pharmaceuticals Inc Common Stock
ADM,Archer-Daniels-Midland Company Common Stock
ADMA,ADMA Biologics Inc Common Stock
ADN,Advent Technologies Holdings Inc. Class A Common Stock
ADNT,Adient plc Ordinary Shares 
ADNWW,Advent Technologies Holdings Inc. Warrant
ADP,Automatic Data Processing Inc. Common Stock
ADPT,Adaptive Biotechnologies Corporation Common Stock
ADSE,ADS-TEC ENERGY PLC Ordinary Shares
ADSEW,ADS-TEC ENERGY PLC Warrant
ADSK,Autodesk Inc. Common Stock
ADT,ADT Inc. Common Stock
ADTN,ADTRAN Holdings Inc. Common Stock
ADTX,Aditxt Inc. Common Stock
ADUR,Aduro Clean Technologies Inc. Common Stock
ADUS,Addus HomeCare Corporation Common Stock
ADV,Advantage Solutions Inc. Class A Common Stock
ADVB,Advanced Biomed Inc. Common Stock
ADVM,Adverum Biotechnologies Inc. Common Stock
ADVWW,Advantage Solutions Inc. Warrant
ADX,Adams Diversified Equity Fund Inc.
ADXN,Addex Therapeutics Ltd American Depositary Shares
AEBI,Aebi Schmidt Holding AG Common Stock 
AEE,Ameren Corporation Common Stock
AEF,abrdn Emerging Markets ex-China Fund Inc. Common Stock
AEFC,Aegon Funding Company LLC 5.10% Subordinated Notes due 2049
AEG,Aegon Ltd. New York Registry Shares
AEHL,Antelope Enterprise Holdings Limited Class A Ordinary Shares
AEHR,Aehr Test Systems Common Stock
AEI,Alset Inc. Common Stock (TX)
AEIS,Advanced Energy Industries Inc. Common Stock
AEM,Agnico Eagle Mines Limited Common Stock
AEMD,Aethlon Medical Inc. Common Stock
AENT,Alliance Entertainment Holding Corporation Class A Common Stock
AENTW,Alliance Entertainment Holding Corporation Warrants
AEO,American Eagle Outfitters Inc. Common Stock
AEON,AEON Biopharma Inc. Class A Common Stock
AEP,American Electric Power Company Inc. Common Stock
AER,AerCap Holdings N.V. Ordinary Shares
AERT,Aeries Technology Inc. Class A Ordinary Share
AES,The AES Corporation Common Stock
AESI,Atlas Energy Solutions Inc. Common Stock
AEVA,Aeva Technologies Inc. Common Stock
AEVAW,Aeva Technologies Inc. Warrants
AEYE,AudioEye Inc. Common Stock
AFB,AllianceBernstein National Municipal Income Fund Inc
AFBI,Affinity Bancshares Inc. Common Stock (MD)
AFCG,Advanced Flower Capital Inc. Common Stock
AFG,American Financial Group Inc. Common Stock
AFGB,American Financial Group Inc. 5.875% Subordinated Debentures due 2059
AFGC,American Financial Group Inc. 5.125% Subordinated Debentures due 2059
AFGD,American Financial Group Inc. 5.625% Subordinated Debentures due 2060
AFGE,American Financial Group Inc. 4.500% Subordinated Debentures due 2060
AFJKR,Aimei Health Technology Co. Ltd Right
AFL,AFLAC Incorporated Common Stock
AFRI,Forafric Global PLC Ordinary Shares
AFRIW,Forafric Global PLC Warrants
AFRM,Affirm Holdings Inc. Class A Common Stock
AFYA,Afya Limited Class A Common Shares
AG,First Majestic Silver Corp. Ordinary Shares (Canada)
AGAE,Allied Gaming & Entertainment Inc. Common Stock
AGCO,AGCO Corporation Common Stock
AGD,abrdn Global Dynamic Dividend Fund Common Shares of Beneficial Interest
AGEN,Agenus Inc. Common Stock
AGFY,Agrify Corporation Common Stock
AGH,Aureus Greenway Holdings Inc. Common Stock
AGI,Alamos Gold Inc. Class A Common Shares
AGIO,Agios Pharmaceuticals Inc. Common Stock
AGL,agilon health inc. Common Stock
AGM,Federal Agricultural Mortgage Corporation Common Stock
AGMH,AGM Group Holdings Inc. Class A Ordinary Shares
AGM^D,Federal Agricultural Mortgage Corporation 5.700% Non-Cumulative Preferred Stock Series D
AGM^E,Federal Agricultural Mortgage Corporation 5.750% Non-Cumulative Preferred Stock Series E
AGM^F,Federal Agricultural Mortgage Corporation 5.250% Non-Cumulative Preferred Stock Series F
AGM^G,Federal Agricultural Mortgage Corporation 4.875% Non-Cumulative Preferred Stock Series G
AGNC,AGNC Investment Corp. Common Stock
AGNCL,AGNC Investment Corp. Depositary Shares Each Representing a 1/1000th Interest in a Share of 7.75% Series G Fixed-Rate Reset Cumulative Redeemable Preferred Stock
AGNCM,AGNC Investment Corp. Depositary Shares rep 6.875% Series D Fixed-to-Floating Cumulative Redeemable Preferred Stock
AGNCN,AGNC Investment Corp. Depositary Shares Each Representing a 1/1000th Interest in a Share of 7.00% Series C Fixed-To-Floating Rate Cumulative Redeemable Preferred Stock
AGNCO,AGNC Investment Corp. Depositary Shares each representing a 1/1000th interest in a share of 6.50% Series E Fixed-to-Floating Cumulative Redeemable Preferred Stock
AGNCP,AGNC Investment Corp. Depositary Shares Each Representing a 1/1000th Interest in a Share of 6.125% Series F Fixed-to-Floating Rate Cumulative Redeemable Preferred Stock
AGO,Assured Guaranty Ltd. Common Stock
AGRI,AgriFORCE  Growing Systems Ltd. Common Shares
AGRO,Adecoagro S.A. Common Shares
AGX,Argan Inc. Common Stock
AGYS,Agilysys Inc. Common Stock (DE)
AHCO,AdaptHealth Corp. Common Stock
AHG,Akso Health Group ADS
AHH,Armada Hoffler Properties Inc. Common Stock
AHH^A,Armada Hoffler Properties Inc. 6.75% Series A Cumulative Redeemable Perpetual Preferred Stock
AHL,Aspen Insurance Holdings Limited Class A Ordinary Shares
AHL^D,Aspen Insurance Holdings Limited 5.625% Perpetual Non-Cumulative Preference Shares
AHL^E,Aspen Insurance Holdings Limited Depositary Shares each representing a 1/1000th interest in a share of 5.625% Perpetual Non-Cumulative Preference Shares
AHL^F,Aspen Insurance Holdings Limited Depositary Shares each representing a 1/1000th Interest in a 7.00% Perpetual Non-Cumulative Preference Share
AHR,American Healthcare REIT Inc. Common Stock
AHT,Ashford Hospitality Trust Inc Common Stock
AHT^D,Ashford Hospitality Trust Inc 8.45% Series D Cumulative Preferred Stock
AHT^F,Ashford Hospitality Trust Inc 7.375% Series F Cumulative Preferred Stock
AHT^G,Ashford Hospitality Trust Inc 7.375% Series G Cumulative Preferred Stock
AHT^H,Ashford Hospitality Trust Inc 7.50% Series H Cumulative Preferred Stock
AHT^I,Ashford Hospitality Trust Inc 7.50% Series I Cumulative Preferred Stock
AI,C3.ai Inc. Class A Common Stock
AIFF,Firefly Neuroscience Inc. Common Stock
AIFU,AIFU Inc. Class A Ordinary Share
AIG,American International Group Inc. New Common Stock
AIHS,Senmiao Technology Limited Common Stock
AII,American Integrity Insurance Group Inc. Common Stock
AIM,AIM ImmunoTech Inc. Common Stock
AIMD,Ainos Inc. Common Stock
AIMDW,Ainos Inc. Warrants
AIN,Albany International Corporation Common Stock
AIO,Virtus Artificial Intelligence & Technology Opportunities Fund Common Shares of Beneficial Interest
AIOT,PowerFleet Inc. Common Stock
AIP,Arteris Inc. Common Stock
AIR,AAR Corp. Common Stock
AIRE,reAlpha Tech Corp. Common Stock
AIRG,Airgain Inc. Common Stock
AIRI,Air Industries Group Common Stock
AIRJ,AirJoule Technologies Corporation Class A Common Stock
AIRJW,AirJoule Technologies Corporation Warrant
AIRO,AIRO Group Holdings Inc. Common Stock
AIRS,AirSculpt Technologies Inc. Common Stock
AIRT,Air T Inc. Common Stock
AIRTP,Air T Inc. Air T Funding Alpha Income Trust Preferred Securities
AISP,Airship AI Holdings Inc. Class A Common Stock
AISPW,Airship AI Holdings Inc. Warrants
AIT,Applied Industrial Technologies Inc. Common Stock
AIV,Apartment Investment and Management Company Common Stock
AIXI,XIAO-I Corporation American Depositary Shares
AIZ,Assurant Inc. Common Stock
AIZN,Assurant Inc. 5.25% Subordinated Notes due 2061
AJG,Arthur J. Gallagher & Co. Common Stock
AKA,a.k.a. Brands Holding Corp. Common Stock
AKAM,Akamai Technologies Inc. Common Stock
AKAN,Akanda Corp. Common Shares
AKBA,Akebia Therapeutics Inc. Common Stock
AKO/A,Embotelladora Andina S.A.
AKO/B,Embotelladora Andina S.A.
AKR,Acadia Realty Trust Common Stock
AKRO,Akero Therapeutics Inc. Common Stock
AKTX,Akari Therapeutics plc ADS
AL,Air Lease Corporation Class A Common Stock
ALAB,Astera Labs Inc. Common Stock
ALAR,Alarum Technologies Ltd. American Depositary Share
ALB,Albemarle Corporation Common Stock
ALBT,Avalon GloboCare Corp. Common Stock
ALB^A,Albemarle Corporation Depositary Shares each representing a 1/20th of 7.25% Series A Mandatory Convertible Preferred Stock
ALC,Alcon Inc. Ordinary Shares
ALCO,Alico Inc. Common Stock
ALCY,Alchemy Investments Acquisition Corp 1 Class A Ordinary Shares
ALDF,Aldel Financial II Inc. Class A Ordinary Shares
ALDFW,Aldel Financial II Inc. Warrants
ALDX,Aldeyra Therapeutics Inc. Common Stock
ALE,Allete Inc.
ALEC,Alector Inc. Common Stock
ALEX,Alexander & Baldwin Inc. Common Stock REIT Holding Company
ALF,Centurion Acquisition Corp. Class A Ordinary Shares
ALFUW,Centurion Acquisition Corp. Warrant
ALG,Alamo Group Inc. Common Stock
ALGM,Allegro MicroSystems Inc. Common Stock
ALGN,Align Technology Inc. Common Stock
ALGS,Aligos Therapeutics Inc. Common Stock
ALGT,Allegiant Travel Company Common Stock
ALHC,Alignment Healthcare Inc. Common Stock
ALIT,Alight Inc. Class A Common Stock
ALK,Alaska Air Group Inc. Common Stock
ALKS,Alkermes plc Ordinary Shares
ALKT,Alkami Technology Inc. Common Stock
ALL,Allstate Corporation (The) Common Stock
ALLE,Allegion plc Ordinary Shares
ALLO,Allogene Therapeutics Inc. Common Stock
ALLR,Allarity Therapeutics Inc. Common Stock
ALLT,Allot Ltd. Ordinary Shares
ALLY,Ally Financial Inc. Common Stock
ALL^B,Allstate Corporation (The) 5.100% Fixed-to-Floating Rate Subordinated Debentures due 2053
ALL^H,Allstate Corporation (The) Depositary Shares each representing a 1/1000th interest in a share of Fixed Rate Noncumulative Perpetual Preferred Stock Series H
ALL^I,Allstate Corporation (The) Depositary Shares each representing a 1/1000th interest in a share of Fixed Rate Noncumulative Perpetual Preferred Stock Series I
ALL^J,Allstate Corporation (The) Depositary Shares each representing a 1/1000th interest in a share of Fixed Rate Noncumulative Perpetual Preferred Stock Series J
ALM,Almonty Industries Inc. Common Shares
ALMS,Alumis Inc. Common Stock
ALMU,Aeluma Inc. Common Stock
ALNT,Allient Inc. Common Stock
ALNY,Alnylam Pharmaceuticals Inc. Common Stock
ALOT,AstroNova Inc. Common Stock
ALRM,Alarm.com Holdings Inc. Common Stock
ALRS,Alerus Financial Corporation Common Stock
ALSN,Allison Transmission Holdings Inc. Common Stock
ALT,Altimmune Inc. Common Stock
ALTG,Alta Equipment Group Inc. Class A Common Stock
ALTI,AlTi Global Inc. Class A Common Stock
ALTO,Alto Ingredients Inc. Common Stock
ALTS,ALT5 Sigma Corporation Common Stock
ALUR,Allurion Technologies Inc. Common Stock
ALV,Autoliv Inc. Common Stock
ALVO,Alvotech Ordinary Shares
ALVOW,Alvotech Warrant
ALX,Alexander's Inc. Common Stock
ALXO,ALX Oncology Holdings Inc. Common Stock
ALZN,Alzamend Neuro Inc. Common Stock
AM,Antero Midstream Corporation Common Stock
AMAL,Amalgamated Financial Corp. Common Stock (DE)
AMAT,Applied Materials Inc. Common Stock
AMBA,Ambarella Inc. Ordinary Shares
AMBC,Ambac Financial Group Inc. Common Stock
AMBI,Ambipar Emergency Response Class A Ordinary Shares
AMBO,Ambow Education Holding Ltd. American Depository Shares (each representing twenty (20) Class A Ordinary Shares)
AMBP,Ardagh Metal Packaging S.A. Ordinary Shares
AMBQ,Ambiq Micro Inc. Common Stock
AMBR,Amber International Holding Limited American Depositary Shares
AMC,AMC Entertainment Holdings Inc. Class A Common Stock
AMCR,Amcor plc Ordinary Shares
AMCX,AMC Networks Inc. Class A Common Stock
AMD,Advanced Micro Devices Inc. Common Stock
AME,AMETEK Inc.
AMED,Amedisys Inc Common Stock
AMG,Affiliated Managers Group Inc. Common Stock
AMGN,Amgen Inc. Common Stock
AMH,American Homes 4 Rent Common Shares of Beneficial Interest
AMH^G,American Homes 4 Rent Series G cumulative redeemable perpetual preferred shares of beneficial interest
AMH^H,American Homes 4 Rent Series H cumulative redeemable perpetual Preferred Shares of Beneficial Interest
AMIX,Autonomix Medical Inc. Common Stock
AMKR,Amkor Technology Inc. Common Stock
AMLX,Amylyx Pharmaceuticals Inc. Common Stock
AMN,AMN Healthcare Services Inc
AMOD,Alpha Modus Holdings Inc. Class A Common Stock
AMODW,Alpha Modus Holdings Inc. Warrant
AMP,Ameriprise Financial Inc. Common Stock
AMPG,Amplitech Group Inc. Common Stock
AMPGW,Amplitech Group Inc. Warrants
AMPH,Amphastar Pharmaceuticals Inc. Common Stock
AMPL,Amplitude Inc. Class A Common Stock
AMPX,Amprius Technologies Inc. Common Stock
AMPY,Amplify Energy Corp. Common Stock
AMR,Alpha Metallurgical Resources Inc. Common Stock
AMRC,Ameresco Inc. Class A Common Stock
AMRK,A-Mark Precious Metals Inc. Common Stock
AMRN,Amarin Corporation plc
AMRX,Amneal Pharmaceuticals Inc. Class A Common Stock
AMRZ,Amrize Ltd Ordinary Shares
AMS,American Shared Hospital Services Common Stock
AMSC,American Superconductor Corporation Common Stock
AMSF,AMERISAFE Inc. Common Stock
AMST,Amesite Inc. Common Stock
AMT,American Tower Corporation (REIT) Common Stock
AMTB,Amerant Bancorp Inc. Class A Common Stock
AMTD,AMTD IDEA Group American Depositary Shares each representing six (6) Class A Ordinary Shares
AMTM,Amentum Holdings Inc. Common Stock
AMTX,Aemetis Inc. (DE) Common Stock
AMWD,American Woodmark Corporation Common Stock
AMWL,American Well Corporation Class A Common Stock
AMX,America Movil S.A.B. de C.V. American Depositary Shares (each representing the right to receive twenty (20) Series B Shares
AMZE,Amaze Holdings Inc. Common Stock
AMZN,Amazon.com Inc. Common Stock
AN,AutoNation Inc. Common Stock
ANAB,AnaptysBio Inc. Common Stock
ANDE,Andersons Inc. (The) Common Stock
ANEB,Anebulo Pharmaceuticals Inc. Common Stock
ANET,Arista Networks Inc. Common Stock
ANF,Abercrombie & Fitch Company Common Stock
ANGH,Anghami Inc. Ordinary Shares
ANGHW,Anghami Inc. Warrants
ANGI,Angi Inc. Class A Common Stock
ANGO,AngioDynamics Inc. Common Stock
ANG^B,American National Group Inc. Depositary Shares each representing a 1/1000th interest in a share of 6.625% Fixed-Rate Reset Non-Cumulative Preferred Stock Series B
ANG^D,American National Group Inc. Depositary Shares each representing a 1/1000th interest in a share of 7.375% Fixed-Rate Non-Cumulative Preferred Stock Series D
ANIK,Anika Therapeutics Inc. Common Stock
ANIP,ANI Pharmaceuticals Inc.
ANIX,Anixa Biosciences Inc. Common Stock
ANL,Adlai Nortye Ltd. American Depositary Shares
ANNA,AleAnna Inc. Class A Common Stock
ANNAW,AleAnna Inc. Warrant
ANNX,Annexon Inc. Common Stock
ANPA,Rich Sparkle Holdings Limited Ordinary Shares
ANRO,Alto Neuroscience Inc. Common Stock
ANSC,Agriculture & Natural Solutions Acquisition Corporation Class A Ordinary Shares
ANSCU,Agriculture & Natural Solutions Acquisition Corporation Unit
ANSCW,Agriculture & Natural Solutions Acquisition Corporation Warrant
ANTA,Antalpha Platform Holding Company Ordinary Shares
ANTE,AirNet Technology Inc. Ordinary Share
ANTX,AN2 Therapeutics Inc. Common Stock
ANVS,Annovis Bio Inc. Common Stock
ANY,Sphere 3D Corp. Common Shares
AOD,abrdn Total Dynamic Dividend Fund Common Shares of Beneficial Interest
AOMD,Angel Oak Mortgage REIT Inc. 9.750% Senior Notes due 2030
AOMN,Angel Oak Mortgage REIT Inc. 9.500% Senior Notes due 2029
AOMR,Angel Oak Mortgage REIT Inc. Common Stock
AON,Aon plc Class A Ordinary Shares (Ireland)
AORT,Artivion Inc. Common Stock
AOS,A.O. Smith Corporation Common Stock
AOSL,Alpha and Omega Semiconductor Limited Common Shares
AOUT,American Outdoor Brands Inc. Common Stock 
AP,Ampco-Pittsburgh Corporation Common Stock
APA,APA Corporation Common Stock
APADU,A Paradise Acquisition Corp. Unit
APAM,Artisan Partners Asset Management Inc. Class A Common Stock
APD,Air Products and Chemicals Inc. Common Stock
APDN,Applied DNA Sciences Inc. Common Stock
APEI,American Public Education Inc. Common Stock
APG,APi Group Corporation Common Stock
APGE,Apogee Therapeutics Inc. Common Stock
APH,Amphenol Corporation Common Stock
API,Agora Inc. American Depositary Shares
APLD,Applied Digital Corporation Common Stock
APLE,Apple Hospitality REIT Inc. Common Shares
APLM,Apollomics Inc. Class A Ordinary Shares
APLMW,Apollomics Inc. Warrant
APLS,Apellis Pharmaceuticals Inc. Common Stock
APLT,Applied Therapeutics Inc. Common Stock
APM,Aptorum Group Limited Class A Ordinary Shares
APO,Apollo Global Management Inc. (New) Common Stock
APOG,Apogee Enterprises Inc. Common Stock
APOS,Apollo Global Management Inc. 7.625% Fixed-Rate Resettable Junior Subordinated Notes due 2053
APO^A,Apollo Global Management Inc. 6.75% Series A Mandatory Convertible Preferred Stock
APP,Applovin Corporation Class A Common Stock
APPF,AppFolio Inc. Class A Common Stock
APPN,Appian Corporation Class A Common Stock
APPS,Digital Turbine Inc. Common Stock
APRE,Aprea Therapeutics Inc. Common stock
APT,Alpha Pro Tech Ltd. Common Stock
APTV,Aptiv PLC Ordinary Shares
APUS,Apimeds Pharmaceuticals US Inc. Common Stock
APVO,Aptevo Therapeutics Inc. Common Stock
APWC,Asia Pacific Wire & Cable Corporation Ltd. Ordinary Shares (Bermuda)
APYX,Apyx Medical Corporation Common Stock
AQB,AquaBounty Technologies Inc. Common Stock
AQMS,Aqua Metals Inc. Common Stock
AQN,Algonquin Power & Utilities Corp. Common Shares
AQNB,Algonquin Power & Utilities Corp. 6.20% Fixed-to-Floating Subordinated Notes Series 2019-A due July 1 2079
AQST,Aquestive Therapeutics Inc. Common Stock
AR,Antero Resources Corporation Common Stock
ARAI,Arrive AI Inc. Common Stock
ARAY,Accuray Incorporated Common Stock
ARBB,ARB IOT Group Limited Ordinary Shares
ARBE,Arbe Robotics Ltd. Ordinary Shares
ARBEW,Arbe Robotics Ltd. Warrant
ARBK,Argo Blockchain plc American Depositary Shares
ARBKL,Argo Blockchain plc 8.75% Senior Notes due 2026
ARCB,ArcBest Corporation Common Stock
ARCC,Ares Capital Corporation Common Stock
ARCO,Arcos Dorados Holdings Inc. Class A Shares
ARCT,Arcturus Therapeutics Holdings Inc. Common Stock
ARDC,Ares Dynamic Credit Allocation Fund Inc. Common Shares
ARDT,Ardent Health Inc. Common Stock
ARDX,Ardelyx Inc. Common Stock
ARE,Alexandria Real Estate Equities Inc. Common Stock
AREB,American Rebel Holdings Inc. Common Stock
AREBW,American Rebel Holdings Inc. Warrants
AREC,American Resources Corporation Class A Common Stock
AREN,The Arena Group Holdings Inc. Common Stock
ARES,Ares Management Corporation Class A Common Stock
ARGD,Argo Group International Holdings Ltd. 6.5% Senior Notes Due 2042
ARGX,argenx SE American Depositary Shares
ARHS,Arhaus Inc. Class A Common Stock
ARI,Apollo Commercial Real Estate Finance Inc
ARIS,Aris Water Solutions Inc. Class A Common Stock
ARKO,ARKO Corp. Common Stock
ARKOW,ARKO Corp. Warrant
ARKR,Ark Restaurants Corp. Common Stock
ARL,American Realty Investors Inc. Common Stock
ARLO,Arlo Technologies Inc. Common Stock
ARLP,Alliance Resource Partners L.P. Common Units representing Limited Partners Interests
ARM,Arm Holdings plc American Depositary Shares
ARMK,Aramark Common Stock
ARMN,Aris Mining Corporation Common Shares
ARMP,Armata Pharmaceuticals Inc. Common Stock
AROC,Archrock Inc. Common Stock
AROW,Arrow Financial Corporation Common Stock
ARQ,Arq Inc. Common Stock
ARQQ,Arqit Quantum Inc. Ordinary Shares
ARQQW,Arqit Quantum Inc. Warrants
ARQT,Arcutis Biotherapeutics Inc. Common Stock
ARR,ARMOUR Residential REIT Inc.
ARRY,Array Technologies Inc. Common Stock
ARR^C,ARMOUR Residential REIT Inc. 7% Series C Cumulative Redeemable Preferred Stock (liquidation preference $25.00 per share)
ARTL,Artelo Biosciences Inc. Common Stock
ARTNA,Artesian Resources Corporation Class A Common Stock
ARTV,Artiva Biotherapeutics Inc. Common Stock
ARTW,Art's-Way Manufacturing Co. Inc. Common Stock
ARVN,Arvinas Inc. Common Stock
ARW,Arrow Electronics Inc. Common Stock
ARWR,Arrowhead Pharmaceuticals Inc. Common Stock
ARX,Accelerant Holdings Class A Common Shares
AS,Amer Sports Inc. Ordinary Shares
ASA,ASA  Gold and Precious Metals Limited
ASAN,Asana Inc. Class A Common Stock
ASB,Associated Banc-Corp Common Stock
ASBA,Associated Banc-Corp 6.625% Fixed-Rate Reset Subordinated Notes due 2033
ASBP,Aspire Biopharma Holdings Inc. Common Stock
ASBPW,Aspire Biopharma Holdings Inc. Warrant
ASB^E,Associated Banc-Corp Depositary Shares each representing a 1/40th interest in a share of 5.875% Non-Cumulative Perpetual Preferred Stock Series E
ASB^F,Associated Banc-Corp Depositary Shares each representing a 1/40th interest in a share of Associated Banc-Corp 5.625% Non-Cumulative Perpetual Preferred Stock Series F
ASC,Ardmore Shipping Corporation Common Stock
ASG,Liberty All-Star Growth Fund Inc.
ASGI,abrdn Global Infrastructure Income Fund Common Shares of Beneficial Interest
ASGN,ASGN Incorporated Common Stock
ASH,Ashland Inc. Common Stock
ASIC,Ategrity Specialty Insurance Company Holdings Common Stock
ASIX,AdvanSix Inc. Common Stock 
ASLE,AerSale Corporation Common Stock
ASM,Avino Silver & Gold Mines Ltd. Common Shares (Canada)
ASMB,Assembly Biosciences Inc. Common Stock
ASML,ASML Holding N.V. New York Registry Shares
ASND,Ascendis Pharma A/S American Depositary Shares
ASNS,Actelis Networks Inc. Common Stock
ASO,Academy Sports and Outdoors Inc. Common Stock
ASPC,A SPAC III Acquisition Corp. Class A Ordinary Shares
ASPCR,A SPAC III Acquisition Corp. Right
ASPCU,A SPAC III Acquisition Corp. Unit
ASPI,ASP Isotopes Inc. Common Stock
ASPN,Aspen Aerogels Inc. Common Stock
ASPS,Altisource Portfolio Solutions S.A. Common Stock
ASPSW,Altisource Portfolio Solutions S.A. Net Settle Stakeholder Warrants
ASPSZ,Altisource Portfolio Solutions S.A. Cash Exercise Stakeholder Warrants
ASR,Grupo Aeroportuario del Sureste S.A. de C.V. Common Stock
ASRT,Assertio Holdings Inc. Common Stock
ASRV,AmeriServ Financial Inc. Common Stock
ASST,Asset Entities Inc. Class B Common Stock
ASTC,Astrotech Corporation (DE) Common Stock
ASTE,Astec Industries Inc. Common Stock
ASTH,Astrana Health Inc. Common Stock
ASTI,Ascent Solar Technologies Inc. Common Stock
ASTL,Algoma Steel Group Inc. Common Shares
ASTLW,Algoma Steel Group Inc. Warrant
ASTS,AST SpaceMobile Inc. Class A Common Stock
ASUR,Asure Software Inc Common Stock
ASX,ASE Technology Holding Co. Ltd. American Depositary Shares (each representing Two Common Shares) 
ASYS,Amtech Systems Inc. Common Stock
ATAI,ATAI Life Sciences N.V. Common Shares
ATAT,Atour Lifestyle Holdings Limited American Depositary Shares
ATCH,AtlasClear Holdings Inc. Common Stock
ATEC,Alphatec Holdings Inc. Common Stock
ATEN,A10 Networks Inc. Common Stock
ATER,Aterian Inc. Common Stock
ATEX,Anterix Inc. Common Stock
ATGE,Adtalem Global Education Inc. Common Stock
ATGL,Alpha Technology Group Limited Class A Ordinary Shares
ATHA,Athira Pharma Inc. Common Stock
ATHE,Alterity Therapeutics Limited American Depositary Shares
ATHM,Autohome Inc. American Depositary Shares each representing four class A ordinary shares.
ATHR,Aether Holdings Inc. Common Stock
ATHS,Athene Holding Ltd. 7.250% Fixed-Rate Reset Junior Subordinated Debentures due 2064
ATH^A,Athene Holding Ltd. Depositary Shares Each Representing a 1/1000th Interest in a 6.35% Fixed-to-Floating Rate Perpetual Non-Cumulative Preference Share Series A
ATH^B,Athene Holding Ltd. Depositary Shares Each Representing a 1/1000th Interest in a 5.625% Fixed Rate Perpetual Non- Cumulative Preference Share Series B par value $1.00 per share
ATH^D,Athene Holding Ltd. Depositary Shares Each Representing a 1/1000th Interest in a 4.875% Fixed-Rate Perpetual Non-Cumulative Preference Share Series D
ATH^E,Athene Holding Ltd. Depositary Shares Each Representing a 1/1000th Interest in a 7.750% Fixed-Rate Reset Perpetual Non-Cumulative Preference Share Series E
ATI,ATI Inc. Common Stock
ATII,Archimedes Tech SPAC Partners II Co. Ordinary Shares
ATIIU,Archimedes Tech SPAC Partners II Co. Unit
ATIIW,Archimedes Tech SPAC Partners II Co. Warrant
ATKR,Atkore Inc. Common Stock
ATLC,Atlanticus Holdings Corporation Common Stock
ATLCL,Atlanticus Holdings Corporation 6.125% Senior Notes due 2026
ATLCP,Atlanticus Holdings Corporation 7.625% Series B Cumulative Perpetual Preferred Stock no par value per share
ATLCZ,Atlanticus Holdings Corporation 9.25% Senior Notes due 2029
ATLN,Atlantic International Corp. Common Stock
ATLO,Ames National Corporation Common Stock
ATLX,Atlas Lithium Corporation Common Stock
ATMC,AlphaTime Acquisition Corp Ordinary Shares
ATMCR,AlphaTime Acquisition Corp Right
ATMCU,AlphaTime Acquisition Corp Unit
ATMCW,AlphaTime Acquisition Corp Warrant
ATMU,Atmus Filtration Technologies Inc. Common Stock
ATMV,AlphaVest Acquisition Corp Ordinary Shares
ATMVR,AlphaVest Acquisition Corp Right.
ATNF,180 Life Sciences Corp. Common Stock
ATNFW,180 Life Sciences Corp. Warrant
ATNI,ATN International Inc. Common Stock
ATNM,Actinium Pharmaceuticals Inc. (Delaware) Common Stock
ATO,Atmos Energy Corporation Common Stock
ATOM,Atomera Incorporated Common Stock
ATOS,Atossa Therapeutics Inc. Common Stock
ATPC,Agape ATP Corporation Common Stock
ATR,AptarGroup Inc. Common Stock
ATRA,Atara Biotherapeutics Inc. Common Stock
ATRC,AtriCure Inc. Common Stock
ATRO,Astronics Corporation Common Stock
ATS,ATS Corporation Common Shares
ATUS,Altice USA Inc. Class A Common Stock
ATXG,Addentax Group Corp. Common Stock
ATXS,Astria Therapeutics Inc. Common Stock
ATYR,aTyr Pharma Inc. Common Stock
AU,AngloGold Ashanti PLC Ordinary Shares
AUB,Atlantic Union Bankshares Corporation Common Stock
AUBN,Auburn National Bancorporation Inc. Common Stock
AUB^A,Atlantic Union Bankshares Corporation Depositary Shares each representing a 1/400th ownership interest in a share of 6.875% Perpetual Non-Cumulative Preferred Stock Series A
AUDC,AudioCodes Ltd. Common Stock
AUGO,Aura Minerals Inc. Common Shares
AUID,authID Inc. Common Stock
AUNA,Auna SA Class A Ordinary Shares
AUPH,Aurinia Pharmaceuticals Inc Ordinary Shares
AUR,Aurora Innovation Inc. Class A Common Stock
AURA,Aura Biosciences Inc. Common Stock
AUROW,Aurora Innovation Inc. Warrant
AUST,Austin Gold Corp. Common Shares
AUTL,Autolus Therapeutics plc American Depositary Share
AUUD,Auddia Inc. Common Stock
AUUDW,Auddia Inc. Warrants
AVA,Avista Corporation Common Stock
AVAH,Aveanna Healthcare Holdings Inc. Common Stock
AVAL,Grupo Aval Acciones y Valores S.A. ADR (Each representing 20 preferred shares)
AVAV,AeroVironment Inc. Common Stock
AVB,AvalonBay Communities Inc. Common Stock
AVBC,Avidia Bancorp Inc. Common Stock
AVBH,Avidbank Holdings Inc. Common stock
AVBP,ArriVent BioPharma Inc. Common Stock
AVD,American Vanguard Corporation Common Stock ($0.10 Par Value)
AVDL,Avadel Pharmaceuticals plc Ordinary Share
AVDX,AvidXchange Holdings Inc. Common Stock
AVGO,Broadcom Inc. Common Stock
AVIR,Atea Pharmaceuticals Inc. Common Stock
AVK,Advent Convertible and Income Fund
AVNS,Avanos Medical Inc. Common Stock
AVNT,Avient Corporation Common Stock
AVNW,Aviat Networks Inc. Common Stock
AVO,Mission Produce Inc. Common Stock
AVPT,AvePoint Inc. Class A Common Stock
AVR,Anteris Technologies Global Corp. Common Stock
AVT,Avnet Inc. Common Stock
AVTR,Avantor Inc. Common Stock
AVTX,Avalo Therapeutics Inc. Common Stock
AVXL,Anavex Life Sciences Corp. Common Stock
AVY,Avery Dennison Corporation Common Stock
AWF,Alliancebernstein Global High Income Fund
AWI,Armstrong World Industries Inc Common Stock
AWK,American Water Works Company Inc. Common Stock
AWP,abrdn Global Premier Properties Fund Common Shares of Beneficial Interest
AWR,American States Water Company Common Stock
AWRE,Aware Inc. Common Stock
AWX,Avalon Holdings Corporation Common Stock
AX,Axos Financial Inc. Common Stock
AXGN,Axogen Inc. Common Stock
AXIL,AXIL Brands Inc. Common Stock
AXIN,Axiom Intelligence Acquisition Corp 1 Class A Ordinary Shares
AXINU,Axiom Intelligence Acquisition Corp 1 Units
AXL,American Axle & Manufacturing Holdings Inc. Common Stock
AXON,Axon Enterprise Inc. Common Stock
AXP,American Express Company Common Stock
AXR,AMREP Corporation Common Stock
AXS,Axis Capital Holdings Limited Common Stock
AXSM,Axsome Therapeutics Inc. Common Stock
AXS^E,Axis Capital Holdings Limited Depositary Shares each representing 1/100th interest in a share of a 5.50% Series E Preferred Shares
AXTA,Axalta Coating Systems Ltd. Common Shares
AXTI,AXT Inc Common Stock
AYI,Acuity Inc. Common Stock
AYRO,AYRO Inc. Common Stock
AYTU,Aytu BioPharma Inc.  Common Stock
AZ,A2Z Cust2Mate Solutions Corp. Common Shares
AZI,Autozi Internet Technology (Global) Ltd. Class A Ordinary Shares
AZN,AstraZeneca PLC American Depositary Shares
AZO,AutoZone Inc. Common Stock
AZTA,Azenta Inc.
AZTR,Azitra Inc Common Stock
AZZ,AZZ Inc.
B,Barrick Mining Corporation Common Shares
BA,Boeing Company (The) Common Stock
BABA,Alibaba Group Holding Limited American Depositary Shares each representing eight Ordinary share
BAC,Bank of America Corporation Common Stock
BACC,Blue Acquisition Corp. Class A Ordinary Shares
BACCU,Blue Acquisition Corp. Unit
BACQ,Bleichroeder Acquisition Corp. I Class A Ordinary Shares
BAC^B,Bank of America Corporation Depositary Shares each representing a 1/1000th interest in a share of 6.000% Non-Cumulative Preferred Stock Series GG
BAC^E,Bank of America Corporation Depositary Sh repstg 1/1000th Perp Pfd Ser E
BAC^K,Bank of America Corporation Depositary Shares each representing a 1/1000th interest in a share of 5.875% Non- Cumulative Preferred Stock Series HH
BAC^L,Bank of America Corporation Non Cumulative Perpetual Conv Pfd Ser L
BAC^M,Bank of America Corporation Depositary Shares each representing a 1/1000th interest in a share of 5.375% Non-Cumulative Preferred Stock Series KK
BAC^N,Bank of America Corporation Depositary shares each representing 1/1000th interest in a share of 5.000% Non-Cumulative Preferred Stock Series LL
BAC^O,Bank of America Corporation Depositary shares each representing 1/1000th interest in a share of 4.375% Non-Cumulative Preferred Stock Series NN
BAC^P,Bank of America Corporation Depositary Shares each representing a 1/1000th interest in a share of 4.125% Non-Cumulative Preferred Stock Series PP
BAC^Q,Bank of America Corporation Depositary shares each representing 1/1000th interest in a share of 4.250% Non-Cumulative Preferred Stock Series QQ
BAC^S,Bank of America Corporation Depositary shares each representing 1/1000th interest in a share of 4.750% Non-Cumulative Preferred Stock Series SS
BAER,Bridger Aerospace Group Holdings Inc. Common Stock
BAERW,Bridger Aerospace Group Holdings Inc. Warrant
BAFN,BayFirst Financial Corp. Common Stock
BAH,Booz Allen Hamilton Holding Corporation Common Stock
BAK,Braskem SA ADR
BALL,Ball Corporation Common Stock
BALY,Bally's Corporation Common Stock
BAM,Brookfield Asset Management Inc Class A Limited Voting Shares
BANC,Banc of California Inc. Common Stock
BAND,Bandwidth Inc. Class A Common Stock
BANF,BancFirst Corporation Common Stock
BANFP,BancFirst Corporation - BFC Capital Trust II Cumulative Trust Preferred Securities
BANL,CBL International Limited Ordinary Shares
BANR,Banner Corporation Common Stock
BANX,ArrowMark Financial Corp. Common Stock
BAOS,Baosheng Media Group Holdings Limited Ordinary shares
BAP,Credicorp Ltd. Common Stock
BARK,BARK Inc. Class A Common Stock
BASE,Couchbase Inc. Common Stock
BATL,Battalion Oil Corporation Common Stock
BATRA,Atlanta Braves Holdings Inc. Series A Common Stock
BATRK,Atlanta Braves Holdings Inc. Series C Common Stock
BAX,Baxter International Inc. Common Stock
BAYA,Bayview Acquisition Corp Ordinary Shares
BAYAR,Bayview Acquisition Corp Right
BA^A,Boeing Company (The) Depositary Shares each representing a 1/20th interest in a share of 6.00% Series A Mandatory Convertible Preferred Stock par value $1.00
BB,BlackBerry Limited Common Stock
BBAI,BigBear.ai Inc. Common Stock
BBAR,Banco BBVA Argentina S.A. ADS
BBCP,Concrete Pumping Holdings Inc. Common Stock
BBD,Banco Bradesco Sa American Depositary Shares
BBDC,Barings BDC Inc. Common Stock
BBDO,Banco Bradesco Sa American Depositary Shares (each representing one Common Share)
BBGI,Beasley Broadcast Group Inc. Class A Common Stock
BBIO,BridgeBio Pharma Inc. Common Stock
BBLG,Bone Biologics Corp Common Stock
BBN,BlackRock Taxable Municipal Bond Trust Common Shares of Beneficial Interest
BBNX,Beta Bionics Inc. Common Stock
BBSI,Barrett Business Services Inc. Common Stock
BBU,Brookfield Business Partners L.P. Limited Partnership Units 
BBUC,Brookfield Business Corporation Class A Exchangeable Subordinate Voting Shares
BBVA,Banco Bilbao Vizcaya Argentaria S.A. Common Stock
BBW,Build-A-Bear Workshop Inc. Common Stock
BBWI,Bath & Body Works Inc.
BBY,Best Buy Co. Inc. Common Stock
BC,Brunswick Corporation Common Stock
BCAB,BioAtla Inc. Common Stock
BCAL,California BanCorp Common Stock
BCARU,D. Boral ARC Acquisition I Corp. Units
BCAT,BlackRock Capital Allocation Term Trust Common Shares of Beneficial Interest
BCAX,Bicara Therapeutics Inc. Common Stock
BCBP,BCB Bancorp Inc. (NJ) Common Stock
BCC,Boise Cascade L.L.C. Common Stock
BCDA,BioCardia Inc. Common Stock
BCE,BCE Inc. Common Stock
BCG,Binah Capital Group Inc. Common Stock
BCH,Banco De Chile ADS
BCML,BayCom Corp Common Stock
BCO,Brinks Company (The) Common Stock
BCPC,Balchem Corporation Common Stock
BCRX,BioCryst Pharmaceuticals Inc. Common Stock
BCS,Barclays PLC Common Stock
BCSF,Bain Capital Specialty Finance Inc. Common Stock
BCTX,BriaCell Therapeutics Corp. Common Shares
BCTXW,BriaCell Therapeutics Corp. Warrant
BCTXZ,BriaCell Therapeutics Corp. Warrant
BCV,Bancroft Fund Ltd.
BCV^A,Bancroft Fund Limited 5.375% Series A Cumulative Preferred Shares
BCX,BlackRock Resources Common Shares of Beneficial Interest
BCYC,Bicycle Therapeutics plc American Depositary Shares
BC^A,Brunswick Corporation 6.500% Senior Notes due 2048
BC^C,Brunswick Corporation 6.375% Notes due 2049
BDC,Belden Inc Common Stock
BDJ,Blackrock Enhanced Equity Dividend Trust
BDL,Flanigan's Enterprises Inc. Common Stock
BDMD,Baird Medical Investment Holdings Ltd Ordinary Share
BDMDW,Baird Medical Investment Holdings Ltd Warrant
BDN,Brandywine Realty Trust Common Stock
BDRX,Biodexa Pharmaceuticals plc American Depositary Shs
BDSX,Biodesix Inc. Common Stock
BDTX,Black Diamond Therapeutics Inc. Common Stock
BDX,Becton Dickinson and Company Common Stock
BE,Bloom Energy Corporation Class A Common Stock
BEAG,Bold Eagle Acquisition Corp. Class A Ordinary Shares
BEAM,Beam Therapeutics Inc. Common Stock
BEAT,Heartbeam Inc. Common Stock
BEATW,Heartbeam Inc. Warrant
BEDU,Bright Scholar Education Holdings Limited American Depositary Shares each  representing four Class A Ordinary Share
BEEM,Beam Global Common Stock
BEEP,Mobile Infrastructure Corporation Common Stock
BEKE,KE Holdings Inc American Depositary Shares (each representing three Class A Ordinary Shares)
BELFA,Bel Fuse Inc. Class A Common Stock
BELFB,Bel Fuse Inc. Class B Common Stock
BEN,Franklin Resources Inc. Common Stock
BENF,Beneficient Class A Common Stock
BENFW,Beneficient Warrant
BEP,Brookfield Renewable Partners L.P. Limited Partnership Units
BEPC,Brookfield Renewable Corporation Brookfield Renewable Corporation Class A Subordinate Voting Shares
BEPH,Brookfield BRP Holdings (Canada) Inc. 4.625% Perpetual Subordinated Notes
BEPI,Brookfield BRP Holdings (Canada) Inc. 4.875% Perpetual Subordinated Notes
BEPJ,Brookfield BRP Holdings (Canada) Inc. 7.250% Perpetual Subordinated Notes
BEP^A,Brookfield Renewable Partners L.P. 5.25% Class A Preferred Limited Partnership Units Series 17
BETR,Better Home & Finance Holding Company Class A Common Stock
BF/A,Brown Forman Corporation
BF/B,Brown Forman Corporation
BFAM,Bright Horizons Family Solutions Inc. Common Stock
BFC,Bank First Corporation Common Stock
BFH,Bread Financial Holdings Inc. Common Stock
BFIN,BankFinancial Corporation Common Stock
BFK,BlackRock Municipal Income Trust
BFLY,Butterfly Network Inc. Class A Common Stock
BFRG,Bullfrog AI Holdings Inc. Common Stock
BFRGW,Bullfrog AI Holdings Inc. Warrants
BFRI,Biofrontera Inc. Common Stock
BFS,Saul Centers Inc. Common Stock
BFST,Business First Bancshares Inc. Common Stock
BFS^D,Saul Centers Inc. Depositary Shares each representing 1/100th of a share of 6.125% Series D Cumulative Redeemable Preferred Stock
BFS^E,Saul Centers Inc. Depositary shares each representing a 1/100th fractional interest in a share of 6.000% Series E Cumulative Redeemable Preferred Stock
BFZ,BlackRock California Municipal Income Trust
BG,Bunge Limited Common Shares
BGB,Blackstone Strategic Credit 2027 Term Fund Common Shares of Beneficial Interest
BGC,BGC Group Inc. Class A Common Stock
BGFV,Big 5 Sporting Goods Corporation Common Stock
BGH,Barings Global Short Duration High Yield Fund Common Shares of Beneficial Interests
BGI,Birks Group Inc. Common Stock
BGL,Blue Gold Limited Class A Ordinary Shares
BGLC,BioNexus Gene Lab Corp Common stock
BGLWW,Blue Gold Limited Warrant
BGM,BGM Group Ltd. Class A Ordinary Shares
BGR,BlackRock Energy and Resources Trust
BGS,B&G Foods Inc. Common Stock
BGSF,BGSF Inc. Common Stock
BGT,BlackRock Floating Rate Income Trust
BGX,Blackstone Long Short Credit Income Fund Common Shares
BGY,Blackrock Enhanced International Dividend Trust
BH,Biglari Holdings Inc. Class B Common Stock
BHAT,Blue Hat Interactive Entertainment Technology Ordinary Shares
BHB,Bar Harbor Bankshares Inc. Common Stock
BHC,Bausch Health Companies Inc. Common Stock
BHE,Benchmark Electronics Inc. Common Stock
BHF,Brighthouse Financial Inc. Common Stock
BHFAL,Brighthouse Financial Inc. 6.25% Junior Subordinated Debentures due 2058
BHFAM,Brighthouse Financial Inc. Depositary shares each representing a 1/1000th Interest in a Share of 4.625% Non-Cumulative Preferred Stock Series D
BHFAN,Brighthouse Financial Inc. Depositary shares each representing a 1/1000th interest in a share of 5.375% Non-Cumulative Preferred Stock Series C
BHFAO,Brighthouse Financial Inc. Depositary Shares 6.75% Non-Cumulative Preferred Stock Series B
BHFAP,Brighthouse Financial Inc. Depositary Shares 6.6% Non-Cumulative Preferred Stock Series A
BHK,Blackrock Core Bond Trust
BHLB,Berkshire Hills Bancorp Inc. Common Stock
BHM,Bluerock Homes Trust Inc. Class A Common Stock
BHP,BHP Group Limited American Depositary Shares (Each representing two Ordinary Shares)
BHR,Braemar Hotels & Resorts Inc. Common Stock
BHRB,Burke & Herbert Financial Services Corp. Common Stock
BHR^B,Braemar Hotels & Resorts Inc. 5.50% Series B Cumulative Convertible Preferred Stock par value $0.01 per share
BHR^D,Braemar Hotels & Resorts Inc. 8.25% Series D Cumulative Preferred Stock  par value $0.01 per share
BHST,BioHarvest Sciences Inc. Common Stock
BHV,BlackRock Virginia Municipal Bond Trust
BHVN,Biohaven Ltd. Common Shares 
BIAF,bioAffinity Technologies Inc. Common Stock
BIAFW,bioAffinity Technologies Inc. Warrant
BIDU,Baidu Inc. ADS
BIIB,Biogen Inc. Common Stock
BILI,Bilibili Inc. American Depositary Shares
BILL,BILL Holdings Inc. Common Stock
BINI,Bollinger Innovations Inc. Common Stock
BIO,Bio-Rad Laboratories Inc. Class A Common Stock
BIO/B,Bio-Rad Laboratories Inc.
BIOA,BioAge Labs Inc. Common Stock
BIOX,Bioceres Crop Solutions Corp. Ordinary Shares
BIP,Brookfield Infrastructure Partners LP Limited Partnership Units
BIPC,Brookfield Infrastructure Corporation Brookfield Infrastructure Corporation
BIPH,Brookfield Infrastructure Corporation 5.000% Subordinated Notes due 2081
BIPI,BIP Bermuda Holdings I Limited 5.125% Perpetual Subordinated Notes
BIPJ,Brookfield Infrastructure Corporation 7.250% Subordinated Notes due 2084
BIP^A,Brookfield Infrastructure Partners LP 5.125% Class A Preferred Limited Partnership Units Series 13
BIP^B,Brookfield Infrastructure Partners LP 5.000% Class A Preferred Limited Partnership Units Series 14
BIRD,Allbirds Inc. Class A Common Stock
BIRK,Birkenstock Holding plc Ordinary Shares
BIT,BlackRock Multi-Sector Income Trust Common Shares of Beneficial Interest
BITF,Bitfarms Ltd. Common Stock
BIVI,BioVie Inc. Class A Common Stock
BIVIW,BioVie Inc. Warrant
BIYA,Baiya International Group Inc. Ordinary Shares
BJ,BJ's Wholesale Club Holdings Inc. Common Stock
BJDX,Bluejay Diagnostics Inc. Common Stock
BJRI,BJ's Restaurants Inc. Common Stock
BK,The Bank of New York Mellon Corporation Common Stock
BKD,Brookdale Senior Living Inc. Common Stock
BKE,Buckle Inc. (The) Common Stock
BKH,Black Hills Corporation Common Stock
BKHA,Black Hawk Acquisition Corporation Class A Ordinary Shares
BKHAR,Black Hawk Acquisition Corporation Rights
BKKT,Bakkt Holdings Inc. Class A Common Stock
BKN,BlackRock Investment Quality Municipal Trust Inc. (The)
BKNG,Booking Holdings Inc. Common Stock
BKR,Baker Hughes Company Class A Common Stock
BKSY,BlackSky Technology Inc. Class A Common Stock
BKT,BlackRock Income Trust Inc. (The)
BKTI,BK Technologies Corporation Common Stock
BKU,BankUnited Inc. Common Stock
BKV,BKV Corporation Common Stock
BKYI,BIO-key International Inc. Common Stock
BK^K,The Bank Of New York Mellon Corporation  Depositary Shares each representing a 1/4000th interest in a share of Series K Noncumulative Perpetual Preferred Stock
BL,BlackLine Inc. Common Stock
BLBD,Blue Bird Corporation Common Stock
BLBX,Blackboxstocks Inc. Common Stock
BLCO,Bausch + Lomb Corporation Common Shares
BLD,TopBuild Corp. Common Stock
BLDE,Blade Air Mobility Inc. Class A Common Stock
BLDEW,Blade Air Mobility Inc. Warrants
BLDP,Ballard Power Systems Inc. Common Shares
BLDR,Builders FirstSource Inc. Common Stock
BLE,BlackRock Municipal Income Trust II
BLFS,BioLife Solutions Inc. Common Stock
BLFY,Blue Foundry Bancorp Common Stock
BLIN,Bridgeline Digital Inc. Common Stock
BLIV,BeLive Holdings Ordinary Share
BLK,BlackRock Inc. Common Stock
BLKB,Blackbaud Inc. Common Stock
BLMN,Bloomin' Brands Inc. Common Stock
BLMZ,BloomZ Inc. Ordinary Shares
BLND,Blend Labs Inc. Class A Common Stock
BLNE,Beeline Holdings Inc. Common Stock
BLNK,Blink Charging Co. Common Stock
BLRX,BioLineRx Ltd. American Depositary Shares
BLTE,Belite Bio Inc American Depositary Shares
BLUW,Blue Water Acquisition Corp. III Class A Ordinary Shares
BLUWU,Blue Water Acquisition Corp. III Unit.
BLUWW,Blue Water Acquisition Corp. III Warrant.
BLW,Blackrock Limited Duration Income Trust
BLX,Banco Latinoamericano de Comercio Exterior S.A.
BLZE,Backblaze Inc. Class A Common Stock
BMA,Banco Macro S.A.  ADR (representing Ten Class B Common Shares)
BMBL,Bumble Inc. Class A Common Stock
BME,Blackrock Health Sciences Trust
BMEA,Biomea Fusion Inc. Common Stock
BMEZ,BlackRock Health Sciences Term Trust Common Shares of Beneficial Interest
BMGL,Basel Medical Group Ltd Ordinary Shares
BMHL,Bluemount Holdings Limited Class B Ordinary Shares
BMI,Badger Meter Inc. Common Stock
BML^G,Bank of America Corporation Depositary Shares (Each representing a 1/1200th interest in a share of Floating Rate Non-Cumulative Preferred Stock  Series 1)
BML^H,Bank of America Corporation Depositary Shares (Each representing a 1/1200th interest in a Share of Floating Rate Non-Cumulative Preferred Stock Series 2)
BML^J,Bank of America Corporation Depositary Shares (Each representing a 1/1200th interest in a Share of Floating Rate Non-Cumulative Preferred Stock Series 4)
BML^L,Bank of America Corporation Depositary Shares (Each representing a 1/1200th Interest in a Share of Floating Rate Non-Cumulative Preferred Stock Series 5)
BMN,BlackRock 2037 Municipal Target Term Trust Common Shares of Beneficial Interest
BMNR,BitMine Immersion Technologies Inc. Common Stock
BMO,Bank Of Montreal Common Stock
BMR,Beamr Imaging Ltd. Ordinary Share
BMRA,Biomerica Inc. Common Stock
BMRC,Bank of Marin Bancorp Common Stock
BMRN,BioMarin Pharmaceutical Inc. Common Stock
BMY,Bristol-Myers Squibb Company Common Stock
BN,Brookfield Corporation Class A Limited Voting Shares
BNAI,Brand Engagement Network Inc. Common Stock
BNC,CEA Industries Inc. Common Stock
BNCWW,CEA Industries Inc. Warrant
BNED,Barnes & Noble Education Inc Common Stock
BNGO,Bionano Genomics Inc. Common Stock
BNH,Brookfield Finance Inc. 4.625% Subordinated Notes due October 16 2080
BNJ,Brookfield Finance Inc. 4.50% Perpetual Subordinated Notes
BNL,Broadstone Net Lease Inc. Common Stock
BNR,Burning Rock Biotech Limited American Depositary Shares
BNRG,Brenmiller Energy Ltd Ordinary Shares
BNS,Bank Nova Scotia Halifax Pfd 3 Ordinary Shares
BNT,Brookfield Wealth Solutions Ltd. Class A Exchangeable Limited Voting Shares
BNTC,Benitec Biopharma Inc. Common Stock
BNTX,BioNTech SE American Depositary Share
BNY,BlackRock New York Municipal Income Trust
BNZI,Banzai International Inc. Class A Common Stock
BNZIW,Banzai International Inc. Warrant
BOC,Boston Omaha Corporation Class A Common Stock
BODI,The Beachbody Company Inc. Class A Common Stock
BOE,Blackrock Enhanced Global Dividend Trust Common Shares of Beneficial Interest
BOF,BranchOut Food Inc. Common Stock
BOH,Bank of Hawaii Corporation Common Stock
BOH^A,Bank of Hawaii Corporation Depositary Shares Each Representing a 1/40th Interest in a Share of 4.375% Fixed Rate Non-Cumulative Perpetual Preferred Stock Series A
BOH^B,Bank of Hawaii Corporation Depositary Shares Each Representing a 1/40th Interest in a Share of 8.000% Fixed Rate Non-Cumulative Perpetual Preferred Stock Series B
BOKF,BOK Financial Corporation Common Stock
BOLD,Boundless Bio Inc. Common Stock
BOLT,Bolt Biotherapeutics Inc. Common Stock
BON,Bon Natural Life Limited Class A Ordinary Shares
BOOM,DMC Global Inc. Common Stock
BOOT,Boot Barn Holdings Inc. Common Stock
BORR,Borr Drilling Limited Common Shares
BOSC,B.O.S. Better Online Solutions Common Stock
BOTJ,Bank of the James Financial Group Inc. Common Stock
BOW,Bowhead Specialty Holdings Inc. Common Stock
BOX,Box Inc. Class A Common Stock
BOXL,Boxlight Corporation Class A Common Stock
BP,BP p.l.c. Common Stock
BPOP,Popular Inc. Common Stock
BPOPM,Popular Inc. Popular Capital Trust II - 6.125% Cumulative Monthly Income Trust Preferred Securities
BPRN,Princeton Bancorp Inc. Common Stock (PA)
BPYPM,Brookfield Property Partners L.P. 6.25% Class A Cumulative Redeemable Preferred Units Series 1
BPYPN,Brookfield Property Partners L.P. 5.750% Class A Cumulative Redeemable Perpetual Preferred Units Series 3
BPYPO,Brookfield Property Partners L.P. 6.375% Class A Cumulative Redeemable Perpetual Preferred Units Series 2
BPYPP,Brookfield Property Partners L.P. 6.50% Class A Cumulative Redeemable Perpetual Preferred Units
BQ,Boqii Holding Limited Class A Ordinary Shares
BR,Broadridge Financial Solutions Inc. Common Stock
BRAG,Bragg Gaming Group Inc. Common Shares
BRBR,BellRing Brands Inc. Common Stock 
BRBS,Blue Ridge Bankshares Inc. Common Stock
BRC,Brady Corporation Common Stock
BRCC,BRC Inc. Class A Common Stock
BRDG,Bridge Investment Group Holdings Inc. Class A Common Stock
BREA,Brera Holdings PLC Class B Ordinary Shares
BRFH,Barfresh Food Group Inc. Common Stock
BRFS,BRF S.A.
BRIA,BrilliA Inc Class A Ordinary Shares
BRID,Bridgford Foods Corporation Common Stock
BRK/A,Berkshire Hathaway Inc.
BRK/B,Berkshire Hathaway Inc.
BRKL,Brookline Bancorp Inc. Common Stock
BRKR,Bruker Corporation Common Stock
BRLS,Borealis Foods Inc. Class A Common Shares
BRLT,Brilliant Earth Group Inc. Class A Common Stock
BRN,Barnwell Industries Inc. Common Stock
BRNS,Barinthus Biotherapeutics plc American Depositary Shares
BRO,Brown & Brown Inc. Common Stock
BROS,Dutch Bros Inc. Class A Common Stock
BRR,Columbus Circle Capital Corp I Class A Ordinary Shares
BRRWU,Columbus Circle Capital Corp I Units
BRRWW,Columbus Circle Capital Corp I Warrant
BRSL,Brightstar Lottery PLC Trading under the Legal Name to begin at the market open on July 21 2025. Ordinary Shares
BRSP,BrightSpire Capital Inc. Class A Common Stock
BRT,BRT Apartments Corp. (MD) Common Stock
